StartDevice,StartPort,EndDevice,EndPort,BandWidth,VlanID,VlanMode
sc02-7050cx3-fan-share-k02-u29,Ethernet124,sc02-7050cx3-root-k02-u27,Ethernet124,100000,,
sc02-7050cx3-fan-share-k02-u29,Ethernet8,sc02-sn5640-k08-u27,Ethernet512,10000,,
sc02-7050cx3-fan-share-k03-u29,Ethernet124,sc02-7050cx3-root-k03-u27,Ethernet124,100000,,
sc02-7050cx3-fan-share-k03-u29,Ethernet4,sc02-sn5640-k08-u23,Ethernet512,10000,,
sc02-7050cx3-fan-share-k04-u29,Ethernet124,sc02-7050cx3-root-k04-u27,Ethernet124,100000,,
sc02-7050cx3-fan-share-k04-u29,Ethernet8,sc02-sn5640-k09-u27,Ethernet512,10000,,
sc02-7050cx3-fan-share-k05-u29,Ethernet124,sc02-7050cx3-root-k05-u27,Ethernet124,100000,,
sc02-7050cx3-fan-share-k05-u29,Ethernet8,sc02-sn5640-k09-u23,Ethernet512,10000,,
sc02-7050cx3-fan-share-k06-u29,Ethernet124,sc02-7050cx3-root-k06-u27,Ethernet124,100000,,
sc02-7050cx3-fan-share-k06-u29,Ethernet24,sc02-7060xe7-64prs-j05-u09,Ethernet512,25000,,
sc02-7050cx3-fan-share-k06-u29,Ethernet20,sc02-7060xe7-64prs-j05-u13,Ethernet512,25000,,
sc02-7050cx3-fan-share-k06-u29,Ethernet16,sc02-7060xe7-64prs-j05-u17,Ethernet512,25000,,
sc02-7050cx3-fan-share-k06-u29,Ethernet0,sc02-7060xe7-64prs-j05-u33,Ethernet512,25000,,
sc02-7050cx3-fan-share-k06-u29,Ethernet28,sc02-8101-ld-j02-u36,Ethernet248,100000,,
sc02-7050cx3-fan-share-k06-u29,Ethernet12,sc02-sn6600-ld-j05-u21,Ethernet512,100000,,
sc02-7050cx3-fan-share-k06-u29,Ethernet8,sc02-sn6600-ld-j05-u25,Ethernet512,100000,,
sc02-7050cx3-fan-share-k06-u29,Ethernet4,sc02-sn6600-ld-j05-u29,Ethernet512,100000,,
sc02-7050cx3-fan-share-k07-u29,Ethernet124,sc02-7050cx3-root-k07-u27,Ethernet124,100000,,
sc02-7050cx3-fan-share-k07-u29,Ethernet24,sc02-7060xe7-64prs-j02-u09,Ethernet512,25000,,
sc02-7050cx3-fan-share-k07-u29,Ethernet20,sc02-7060xe7-64prs-j02-u13,Ethernet512,25000,,
sc02-7050cx3-fan-share-k07-u29,Ethernet16,sc02-7060xe7-64prs-j02-u17,Ethernet512,25000,,
sc02-7050cx3-fan-share-k07-u29,Ethernet28,sc02-8101-ld-j02-u03,Ethernet248,100000,,
sc02-7050cx3-fan-share-k07-u29,Ethernet12,sc02-sn6600-ld-j02-u21,Ethernet512,100000,,
sc02-7050cx3-fan-share-k07-u29,Ethernet8,sc02-sn6600-ld-j02-u25,Ethernet512,100000,,
sc02-7050cx3-fan-share-k07-u29,Ethernet4,sc02-sn6600-ld-j02-u29,Ethernet512,100000,,
sc02-7050cx3-fan-share-k07-u29,Ethernet0,sc02-sn6600-ld-j02-u33,Ethernet512,100000,,
sc02-7050cx3-root-k02-u27,Ethernet8,sc02-sn5640-fan-k08-u25,Ethernet512,10000,,
sc02-7050cx3-root-k03-u27,Ethernet4,sc02-sn5640-fan-k08-u21,Ethernet512,10000,,
sc02-7050cx3-root-k04-u27,Ethernet8,sc02-sn5640-fan-k09-u25,Ethernet512,10000,,
sc02-7050cx3-root-k05-u27,Ethernet8,sc02-sn5640-fan-k09-u21,Ethernet512,10000,,
sc02-7050cx3-root-k06-u27,Ethernet120,sc02-nightly-server-k06-u17,null-1,100000,,
sc02-7050cx3-root-k06-u27,Ethernet116,sc02-nightly-server-k06-u19,null-1,100000,,
sc02-7050cx3-root-k07-u27,Ethernet120,sc02-nightly-server-k07-u17,null-1,100000,,
sc02-7050cx3-root-k07-u27,Ethernet116,sc02-nightly-server-k07-u19,null-1,100000,,
sc02-7060xe7-64prs-fan-j02-u07,Ethernet512,sc02-7050cx3-root-k07-u27,Ethernet24,25000,,
sc02-7060xe7-64prs-fan-j02-u07,Ethernet0,sc02-7060xe7-64prs-j02-u09,Ethernet0,800000,,
sc02-7060xe7-64prs-fan-j02-u07,Ethernet100,sc02-7060xe7-64prs-j02-u09,Ethernet100,800000,,
sc02-7060xe7-64prs-fan-j02-u07,Ethernet104,sc02-7060xe7-64prs-j02-u09,Ethernet104,800000,,
sc02-7060xe7-64prs-fan-j02-u07,Ethernet108,sc02-7060xe7-64prs-j02-u09,Ethernet108,800000,,
sc02-7060xe7-64prs-fan-j02-u07,Ethernet112,sc02-7060xe7-64prs-j02-u09,Ethernet112,800000,,
sc02-7060xe7-64prs-fan-j02-u07,Ethernet116,sc02-7060xe7-64prs-j02-u09,Ethernet116,800000,,
sc02-7060xe7-64prs-fan-j02-u07,Ethernet12,sc02-7060xe7-64prs-j02-u09,Ethernet12,800000,,
sc02-7060xe7-64prs-fan-j02-u07,Ethernet120,sc02-7060xe7-64prs-j02-u09,Ethernet120,800000,,
sc02-7060xe7-64prs-fan-j02-u07,Ethernet124,sc02-7060xe7-64prs-j02-u09,Ethernet124,800000,,
sc02-7060xe7-64prs-fan-j02-u07,Ethernet128,sc02-7060xe7-64prs-j02-u09,Ethernet128,800000,,
sc02-7060xe7-64prs-fan-j02-u07,Ethernet132,sc02-7060xe7-64prs-j02-u09,Ethernet132,800000,,
sc02-7060xe7-64prs-fan-j02-u07,Ethernet136,sc02-7060xe7-64prs-j02-u09,Ethernet136,800000,,
sc02-7060xe7-64prs-fan-j02-u07,Ethernet140,sc02-7060xe7-64prs-j02-u09,Ethernet140,800000,,
sc02-7060xe7-64prs-fan-j02-u07,Ethernet144,sc02-7060xe7-64prs-j02-u09,Ethernet144,800000,,
sc02-7060xe7-64prs-fan-j02-u07,Ethernet148,sc02-7060xe7-64prs-j02-u09,Ethernet148,800000,,
sc02-7060xe7-64prs-fan-j02-u07,Ethernet152,sc02-7060xe7-64prs-j02-u09,Ethernet152,800000,,
sc02-7060xe7-64prs-fan-j02-u07,Ethernet156,sc02-7060xe7-64prs-j02-u09,Ethernet156,800000,,
sc02-7060xe7-64prs-fan-j02-u07,Ethernet16,sc02-7060xe7-64prs-j02-u09,Ethernet16,800000,,
sc02-7060xe7-64prs-fan-j02-u07,Ethernet160,sc02-7060xe7-64prs-j02-u09,Ethernet160,800000,,
sc02-7060xe7-64prs-fan-j02-u07,Ethernet164,sc02-7060xe7-64prs-j02-u09,Ethernet164,800000,,
sc02-7060xe7-64prs-fan-j02-u07,Ethernet168,sc02-7060xe7-64prs-j02-u09,Ethernet168,800000,,
sc02-7060xe7-64prs-fan-j02-u07,Ethernet172,sc02-7060xe7-64prs-j02-u09,Ethernet172,800000,,
sc02-7060xe7-64prs-fan-j02-u07,Ethernet176,sc02-7060xe7-64prs-j02-u09,Ethernet176,800000,,
sc02-7060xe7-64prs-fan-j02-u07,Ethernet180,sc02-7060xe7-64prs-j02-u09,Ethernet180,800000,,
sc02-7060xe7-64prs-fan-j02-u07,Ethernet184,sc02-7060xe7-64prs-j02-u09,Ethernet184,800000,,
sc02-7060xe7-64prs-fan-j02-u07,Ethernet188,sc02-7060xe7-64prs-j02-u09,Ethernet188,800000,,
sc02-7060xe7-64prs-fan-j02-u07,Ethernet192,sc02-7060xe7-64prs-j02-u09,Ethernet192,800000,,
sc02-7060xe7-64prs-fan-j02-u07,Ethernet196,sc02-7060xe7-64prs-j02-u09,Ethernet196,800000,,
sc02-7060xe7-64prs-fan-j02-u07,Ethernet20,sc02-7060xe7-64prs-j02-u09,Ethernet20,800000,,
sc02-7060xe7-64prs-fan-j02-u07,Ethernet200,sc02-7060xe7-64prs-j02-u09,Ethernet200,800000,,
sc02-7060xe7-64prs-fan-j02-u07,Ethernet204,sc02-7060xe7-64prs-j02-u09,Ethernet204,800000,,
sc02-7060xe7-64prs-fan-j02-u07,Ethernet208,sc02-7060xe7-64prs-j02-u09,Ethernet208,800000,,
sc02-7060xe7-64prs-fan-j02-u07,Ethernet212,sc02-7060xe7-64prs-j02-u09,Ethernet212,800000,,
sc02-7060xe7-64prs-fan-j02-u07,Ethernet216,sc02-7060xe7-64prs-j02-u09,Ethernet216,800000,,
sc02-7060xe7-64prs-fan-j02-u07,Ethernet220,sc02-7060xe7-64prs-j02-u09,Ethernet220,800000,,
sc02-7060xe7-64prs-fan-j02-u07,Ethernet224,sc02-7060xe7-64prs-j02-u09,Ethernet224,800000,,
sc02-7060xe7-64prs-fan-j02-u07,Ethernet228,sc02-7060xe7-64prs-j02-u09,Ethernet228,800000,,
sc02-7060xe7-64prs-fan-j02-u07,Ethernet232,sc02-7060xe7-64prs-j02-u09,Ethernet232,800000,,
sc02-7060xe7-64prs-fan-j02-u07,Ethernet236,sc02-7060xe7-64prs-j02-u09,Ethernet236,800000,,
sc02-7060xe7-64prs-fan-j02-u07,Ethernet24,sc02-7060xe7-64prs-j02-u09,Ethernet24,800000,,
sc02-7060xe7-64prs-fan-j02-u07,Ethernet240,sc02-7060xe7-64prs-j02-u09,Ethernet240,800000,,
sc02-7060xe7-64prs-fan-j02-u07,Ethernet244,sc02-7060xe7-64prs-j02-u09,Ethernet244,800000,,
sc02-7060xe7-64prs-fan-j02-u07,Ethernet248,sc02-7060xe7-64prs-j02-u09,Ethernet248,800000,,
sc02-7060xe7-64prs-fan-j02-u07,Ethernet252,sc02-7060xe7-64prs-j02-u09,Ethernet252,800000,,
sc02-7060xe7-64prs-fan-j02-u07,Ethernet256,sc02-7060xe7-64prs-j02-u09,Ethernet256,800000,,
sc02-7060xe7-64prs-fan-j02-u07,Ethernet260,sc02-7060xe7-64prs-j02-u09,Ethernet260,800000,,
sc02-7060xe7-64prs-fan-j02-u07,Ethernet264,sc02-7060xe7-64prs-j02-u09,Ethernet264,800000,,
sc02-7060xe7-64prs-fan-j02-u07,Ethernet268,sc02-7060xe7-64prs-j02-u09,Ethernet268,800000,,
sc02-7060xe7-64prs-fan-j02-u07,Ethernet272,sc02-7060xe7-64prs-j02-u09,Ethernet272,800000,,
sc02-7060xe7-64prs-fan-j02-u07,Ethernet276,sc02-7060xe7-64prs-j02-u09,Ethernet276,800000,,
sc02-7060xe7-64prs-fan-j02-u07,Ethernet28,sc02-7060xe7-64prs-j02-u09,Ethernet28,800000,,
sc02-7060xe7-64prs-fan-j02-u07,Ethernet280,sc02-7060xe7-64prs-j02-u09,Ethernet280,800000,,
sc02-7060xe7-64prs-fan-j02-u07,Ethernet284,sc02-7060xe7-64prs-j02-u09,Ethernet284,800000,,
sc02-7060xe7-64prs-fan-j02-u07,Ethernet288,sc02-7060xe7-64prs-j02-u09,Ethernet288,800000,,
sc02-7060xe7-64prs-fan-j02-u07,Ethernet292,sc02-7060xe7-64prs-j02-u09,Ethernet292,800000,,
sc02-7060xe7-64prs-fan-j02-u07,Ethernet296,sc02-7060xe7-64prs-j02-u09,Ethernet296,800000,,
sc02-7060xe7-64prs-fan-j02-u07,Ethernet300,sc02-7060xe7-64prs-j02-u09,Ethernet300,800000,,
sc02-7060xe7-64prs-fan-j02-u07,Ethernet304,sc02-7060xe7-64prs-j02-u09,Ethernet304,800000,,
sc02-7060xe7-64prs-fan-j02-u07,Ethernet308,sc02-7060xe7-64prs-j02-u09,Ethernet308,800000,,
sc02-7060xe7-64prs-fan-j02-u07,Ethernet312,sc02-7060xe7-64prs-j02-u09,Ethernet312,800000,,
sc02-7060xe7-64prs-fan-j02-u07,Ethernet316,sc02-7060xe7-64prs-j02-u09,Ethernet316,800000,,
sc02-7060xe7-64prs-fan-j02-u07,Ethernet32,sc02-7060xe7-64prs-j02-u09,Ethernet32,800000,,
sc02-7060xe7-64prs-fan-j02-u07,Ethernet320,sc02-7060xe7-64prs-j02-u09,Ethernet320,800000,,
sc02-7060xe7-64prs-fan-j02-u07,Ethernet324,sc02-7060xe7-64prs-j02-u09,Ethernet324,800000,,
sc02-7060xe7-64prs-fan-j02-u07,Ethernet328,sc02-7060xe7-64prs-j02-u09,Ethernet328,800000,,
sc02-7060xe7-64prs-fan-j02-u07,Ethernet332,sc02-7060xe7-64prs-j02-u09,Ethernet332,800000,,
sc02-7060xe7-64prs-fan-j02-u07,Ethernet336,sc02-7060xe7-64prs-j02-u09,Ethernet336,800000,,
sc02-7060xe7-64prs-fan-j02-u07,Ethernet340,sc02-7060xe7-64prs-j02-u09,Ethernet340,800000,,
sc02-7060xe7-64prs-fan-j02-u07,Ethernet344,sc02-7060xe7-64prs-j02-u09,Ethernet344,800000,,
sc02-7060xe7-64prs-fan-j02-u07,Ethernet348,sc02-7060xe7-64prs-j02-u09,Ethernet348,800000,,
sc02-7060xe7-64prs-fan-j02-u07,Ethernet352,sc02-7060xe7-64prs-j02-u09,Ethernet352,800000,,
sc02-7060xe7-64prs-fan-j02-u07,Ethernet356,sc02-7060xe7-64prs-j02-u09,Ethernet356,800000,,
sc02-7060xe7-64prs-fan-j02-u07,Ethernet36,sc02-7060xe7-64prs-j02-u09,Ethernet36,800000,,
sc02-7060xe7-64prs-fan-j02-u07,Ethernet360,sc02-7060xe7-64prs-j02-u09,Ethernet360,800000,,
sc02-7060xe7-64prs-fan-j02-u07,Ethernet364,sc02-7060xe7-64prs-j02-u09,Ethernet364,800000,,
sc02-7060xe7-64prs-fan-j02-u07,Ethernet368,sc02-7060xe7-64prs-j02-u09,Ethernet368,800000,,
sc02-7060xe7-64prs-fan-j02-u07,Ethernet372,sc02-7060xe7-64prs-j02-u09,Ethernet372,800000,,
sc02-7060xe7-64prs-fan-j02-u07,Ethernet376,sc02-7060xe7-64prs-j02-u09,Ethernet376,800000,,
sc02-7060xe7-64prs-fan-j02-u07,Ethernet380,sc02-7060xe7-64prs-j02-u09,Ethernet380,800000,,
sc02-7060xe7-64prs-fan-j02-u07,Ethernet384,sc02-7060xe7-64prs-j02-u09,Ethernet384,800000,,
sc02-7060xe7-64prs-fan-j02-u07,Ethernet388,sc02-7060xe7-64prs-j02-u09,Ethernet388,800000,,
sc02-7060xe7-64prs-fan-j02-u07,Ethernet392,sc02-7060xe7-64prs-j02-u09,Ethernet392,800000,,
sc02-7060xe7-64prs-fan-j02-u07,Ethernet396,sc02-7060xe7-64prs-j02-u09,Ethernet396,800000,,
sc02-7060xe7-64prs-fan-j02-u07,Ethernet4,sc02-7060xe7-64prs-j02-u09,Ethernet4,800000,,
sc02-7060xe7-64prs-fan-j02-u07,Ethernet40,sc02-7060xe7-64prs-j02-u09,Ethernet40,800000,,
sc02-7060xe7-64prs-fan-j02-u07,Ethernet400,sc02-7060xe7-64prs-j02-u09,Ethernet400,800000,,
sc02-7060xe7-64prs-fan-j02-u07,Ethernet404,sc02-7060xe7-64prs-j02-u09,Ethernet404,800000,,
sc02-7060xe7-64prs-fan-j02-u07,Ethernet408,sc02-7060xe7-64prs-j02-u09,Ethernet408,800000,,
sc02-7060xe7-64prs-fan-j02-u07,Ethernet412,sc02-7060xe7-64prs-j02-u09,Ethernet412,800000,,
sc02-7060xe7-64prs-fan-j02-u07,Ethernet416,sc02-7060xe7-64prs-j02-u09,Ethernet416,800000,,
sc02-7060xe7-64prs-fan-j02-u07,Ethernet420,sc02-7060xe7-64prs-j02-u09,Ethernet420,800000,,
sc02-7060xe7-64prs-fan-j02-u07,Ethernet424,sc02-7060xe7-64prs-j02-u09,Ethernet424,800000,,
sc02-7060xe7-64prs-fan-j02-u07,Ethernet428,sc02-7060xe7-64prs-j02-u09,Ethernet428,800000,,
sc02-7060xe7-64prs-fan-j02-u07,Ethernet432,sc02-7060xe7-64prs-j02-u09,Ethernet432,800000,,
sc02-7060xe7-64prs-fan-j02-u07,Ethernet436,sc02-7060xe7-64prs-j02-u09,Ethernet436,800000,,
sc02-7060xe7-64prs-fan-j02-u07,Ethernet44,sc02-7060xe7-64prs-j02-u09,Ethernet44,800000,,
sc02-7060xe7-64prs-fan-j02-u07,Ethernet440,sc02-7060xe7-64prs-j02-u09,Ethernet440,800000,,
sc02-7060xe7-64prs-fan-j02-u07,Ethernet444,sc02-7060xe7-64prs-j02-u09,Ethernet444,800000,,
sc02-7060xe7-64prs-fan-j02-u07,Ethernet448,sc02-7060xe7-64prs-j02-u09,Ethernet448,800000,,
sc02-7060xe7-64prs-fan-j02-u07,Ethernet452,sc02-7060xe7-64prs-j02-u09,Ethernet452,800000,,
sc02-7060xe7-64prs-fan-j02-u07,Ethernet456,sc02-7060xe7-64prs-j02-u09,Ethernet456,800000,,
sc02-7060xe7-64prs-fan-j02-u07,Ethernet460,sc02-7060xe7-64prs-j02-u09,Ethernet460,800000,,
sc02-7060xe7-64prs-fan-j02-u07,Ethernet464,sc02-7060xe7-64prs-j02-u09,Ethernet464,800000,,
sc02-7060xe7-64prs-fan-j02-u07,Ethernet468,sc02-7060xe7-64prs-j02-u09,Ethernet468,800000,,
sc02-7060xe7-64prs-fan-j02-u07,Ethernet472,sc02-7060xe7-64prs-j02-u09,Ethernet472,800000,,
sc02-7060xe7-64prs-fan-j02-u07,Ethernet476,sc02-7060xe7-64prs-j02-u09,Ethernet476,800000,,
sc02-7060xe7-64prs-fan-j02-u07,Ethernet48,sc02-7060xe7-64prs-j02-u09,Ethernet48,800000,,
sc02-7060xe7-64prs-fan-j02-u07,Ethernet480,sc02-7060xe7-64prs-j02-u09,Ethernet480,800000,,
sc02-7060xe7-64prs-fan-j02-u07,Ethernet484,sc02-7060xe7-64prs-j02-u09,Ethernet484,800000,,
sc02-7060xe7-64prs-fan-j02-u07,Ethernet488,sc02-7060xe7-64prs-j02-u09,Ethernet488,800000,,
sc02-7060xe7-64prs-fan-j02-u07,Ethernet492,sc02-7060xe7-64prs-j02-u09,Ethernet492,800000,,
sc02-7060xe7-64prs-fan-j02-u07,Ethernet496,sc02-7060xe7-64prs-j02-u09,Ethernet496,800000,,
sc02-7060xe7-64prs-fan-j02-u07,Ethernet500,sc02-7060xe7-64prs-j02-u09,Ethernet500,800000,,
sc02-7060xe7-64prs-fan-j02-u07,Ethernet504,sc02-7060xe7-64prs-j02-u09,Ethernet504,800000,,
sc02-7060xe7-64prs-fan-j02-u07,Ethernet508,sc02-7060xe7-64prs-j02-u09,Ethernet508,800000,,
sc02-7060xe7-64prs-fan-j02-u07,Ethernet52,sc02-7060xe7-64prs-j02-u09,Ethernet52,800000,,
sc02-7060xe7-64prs-fan-j02-u07,Ethernet56,sc02-7060xe7-64prs-j02-u09,Ethernet56,800000,,
sc02-7060xe7-64prs-fan-j02-u07,Ethernet60,sc02-7060xe7-64prs-j02-u09,Ethernet60,800000,,
sc02-7060xe7-64prs-fan-j02-u07,Ethernet64,sc02-7060xe7-64prs-j02-u09,Ethernet64,800000,,
sc02-7060xe7-64prs-fan-j02-u07,Ethernet68,sc02-7060xe7-64prs-j02-u09,Ethernet68,800000,,
sc02-7060xe7-64prs-fan-j02-u07,Ethernet72,sc02-7060xe7-64prs-j02-u09,Ethernet72,800000,,
sc02-7060xe7-64prs-fan-j02-u07,Ethernet76,sc02-7060xe7-64prs-j02-u09,Ethernet76,800000,,
sc02-7060xe7-64prs-fan-j02-u07,Ethernet8,sc02-7060xe7-64prs-j02-u09,Ethernet8,800000,,
sc02-7060xe7-64prs-fan-j02-u07,Ethernet80,sc02-7060xe7-64prs-j02-u09,Ethernet80,800000,,
sc02-7060xe7-64prs-fan-j02-u07,Ethernet84,sc02-7060xe7-64prs-j02-u09,Ethernet84,800000,,
sc02-7060xe7-64prs-fan-j02-u07,Ethernet88,sc02-7060xe7-64prs-j02-u09,Ethernet88,800000,,
sc02-7060xe7-64prs-fan-j02-u07,Ethernet92,sc02-7060xe7-64prs-j02-u09,Ethernet92,800000,,
sc02-7060xe7-64prs-fan-j02-u07,Ethernet96,sc02-7060xe7-64prs-j02-u09,Ethernet96,800000,,
sc02-7060xe7-64prs-fan-j02-u11,Ethernet512,sc02-7050cx3-root-k07-u27,Ethernet20,25000,,
sc02-7060xe7-64prs-fan-j02-u11,Ethernet0,sc02-7060xe7-64prs-j02-u13,Ethernet0,800000,,
sc02-7060xe7-64prs-fan-j02-u11,Ethernet100,sc02-7060xe7-64prs-j02-u13,Ethernet100,800000,,
sc02-7060xe7-64prs-fan-j02-u11,Ethernet104,sc02-7060xe7-64prs-j02-u13,Ethernet104,800000,,
sc02-7060xe7-64prs-fan-j02-u11,Ethernet108,sc02-7060xe7-64prs-j02-u13,Ethernet108,800000,,
sc02-7060xe7-64prs-fan-j02-u11,Ethernet112,sc02-7060xe7-64prs-j02-u13,Ethernet112,800000,,
sc02-7060xe7-64prs-fan-j02-u11,Ethernet116,sc02-7060xe7-64prs-j02-u13,Ethernet116,800000,,
sc02-7060xe7-64prs-fan-j02-u11,Ethernet12,sc02-7060xe7-64prs-j02-u13,Ethernet12,800000,,
sc02-7060xe7-64prs-fan-j02-u11,Ethernet120,sc02-7060xe7-64prs-j02-u13,Ethernet120,800000,,
sc02-7060xe7-64prs-fan-j02-u11,Ethernet124,sc02-7060xe7-64prs-j02-u13,Ethernet124,800000,,
sc02-7060xe7-64prs-fan-j02-u11,Ethernet128,sc02-7060xe7-64prs-j02-u13,Ethernet128,800000,,
sc02-7060xe7-64prs-fan-j02-u11,Ethernet132,sc02-7060xe7-64prs-j02-u13,Ethernet132,800000,,
sc02-7060xe7-64prs-fan-j02-u11,Ethernet136,sc02-7060xe7-64prs-j02-u13,Ethernet136,800000,,
sc02-7060xe7-64prs-fan-j02-u11,Ethernet140,sc02-7060xe7-64prs-j02-u13,Ethernet140,800000,,
sc02-7060xe7-64prs-fan-j02-u11,Ethernet144,sc02-7060xe7-64prs-j02-u13,Ethernet144,800000,,
sc02-7060xe7-64prs-fan-j02-u11,Ethernet148,sc02-7060xe7-64prs-j02-u13,Ethernet148,800000,,
sc02-7060xe7-64prs-fan-j02-u11,Ethernet152,sc02-7060xe7-64prs-j02-u13,Ethernet152,800000,,
sc02-7060xe7-64prs-fan-j02-u11,Ethernet156,sc02-7060xe7-64prs-j02-u13,Ethernet156,800000,,
sc02-7060xe7-64prs-fan-j02-u11,Ethernet16,sc02-7060xe7-64prs-j02-u13,Ethernet16,800000,,
sc02-7060xe7-64prs-fan-j02-u11,Ethernet160,sc02-7060xe7-64prs-j02-u13,Ethernet160,800000,,
sc02-7060xe7-64prs-fan-j02-u11,Ethernet164,sc02-7060xe7-64prs-j02-u13,Ethernet164,800000,,
sc02-7060xe7-64prs-fan-j02-u11,Ethernet168,sc02-7060xe7-64prs-j02-u13,Ethernet168,800000,,
sc02-7060xe7-64prs-fan-j02-u11,Ethernet172,sc02-7060xe7-64prs-j02-u13,Ethernet172,800000,,
sc02-7060xe7-64prs-fan-j02-u11,Ethernet176,sc02-7060xe7-64prs-j02-u13,Ethernet176,800000,,
sc02-7060xe7-64prs-fan-j02-u11,Ethernet180,sc02-7060xe7-64prs-j02-u13,Ethernet180,800000,,
sc02-7060xe7-64prs-fan-j02-u11,Ethernet184,sc02-7060xe7-64prs-j02-u13,Ethernet184,800000,,
sc02-7060xe7-64prs-fan-j02-u11,Ethernet188,sc02-7060xe7-64prs-j02-u13,Ethernet188,800000,,
sc02-7060xe7-64prs-fan-j02-u11,Ethernet192,sc02-7060xe7-64prs-j02-u13,Ethernet192,800000,,
sc02-7060xe7-64prs-fan-j02-u11,Ethernet196,sc02-7060xe7-64prs-j02-u13,Ethernet196,800000,,
sc02-7060xe7-64prs-fan-j02-u11,Ethernet20,sc02-7060xe7-64prs-j02-u13,Ethernet20,800000,,
sc02-7060xe7-64prs-fan-j02-u11,Ethernet200,sc02-7060xe7-64prs-j02-u13,Ethernet200,800000,,
sc02-7060xe7-64prs-fan-j02-u11,Ethernet204,sc02-7060xe7-64prs-j02-u13,Ethernet204,800000,,
sc02-7060xe7-64prs-fan-j02-u11,Ethernet208,sc02-7060xe7-64prs-j02-u13,Ethernet208,800000,,
sc02-7060xe7-64prs-fan-j02-u11,Ethernet212,sc02-7060xe7-64prs-j02-u13,Ethernet212,800000,,
sc02-7060xe7-64prs-fan-j02-u11,Ethernet216,sc02-7060xe7-64prs-j02-u13,Ethernet216,800000,,
sc02-7060xe7-64prs-fan-j02-u11,Ethernet220,sc02-7060xe7-64prs-j02-u13,Ethernet220,800000,,
sc02-7060xe7-64prs-fan-j02-u11,Ethernet224,sc02-7060xe7-64prs-j02-u13,Ethernet224,800000,,
sc02-7060xe7-64prs-fan-j02-u11,Ethernet228,sc02-7060xe7-64prs-j02-u13,Ethernet228,800000,,
sc02-7060xe7-64prs-fan-j02-u11,Ethernet232,sc02-7060xe7-64prs-j02-u13,Ethernet232,800000,,
sc02-7060xe7-64prs-fan-j02-u11,Ethernet236,sc02-7060xe7-64prs-j02-u13,Ethernet236,800000,,
sc02-7060xe7-64prs-fan-j02-u11,Ethernet24,sc02-7060xe7-64prs-j02-u13,Ethernet24,800000,,
sc02-7060xe7-64prs-fan-j02-u11,Ethernet240,sc02-7060xe7-64prs-j02-u13,Ethernet240,800000,,
sc02-7060xe7-64prs-fan-j02-u11,Ethernet244,sc02-7060xe7-64prs-j02-u13,Ethernet244,800000,,
sc02-7060xe7-64prs-fan-j02-u11,Ethernet248,sc02-7060xe7-64prs-j02-u13,Ethernet248,800000,,
sc02-7060xe7-64prs-fan-j02-u11,Ethernet252,sc02-7060xe7-64prs-j02-u13,Ethernet252,800000,,
sc02-7060xe7-64prs-fan-j02-u11,Ethernet256,sc02-7060xe7-64prs-j02-u13,Ethernet256,800000,,
sc02-7060xe7-64prs-fan-j02-u11,Ethernet260,sc02-7060xe7-64prs-j02-u13,Ethernet260,800000,,
sc02-7060xe7-64prs-fan-j02-u11,Ethernet264,sc02-7060xe7-64prs-j02-u13,Ethernet264,800000,,
sc02-7060xe7-64prs-fan-j02-u11,Ethernet268,sc02-7060xe7-64prs-j02-u13,Ethernet268,800000,,
sc02-7060xe7-64prs-fan-j02-u11,Ethernet272,sc02-7060xe7-64prs-j02-u13,Ethernet272,800000,,
sc02-7060xe7-64prs-fan-j02-u11,Ethernet276,sc02-7060xe7-64prs-j02-u13,Ethernet276,800000,,
sc02-7060xe7-64prs-fan-j02-u11,Ethernet28,sc02-7060xe7-64prs-j02-u13,Ethernet28,800000,,
sc02-7060xe7-64prs-fan-j02-u11,Ethernet280,sc02-7060xe7-64prs-j02-u13,Ethernet280,800000,,
sc02-7060xe7-64prs-fan-j02-u11,Ethernet284,sc02-7060xe7-64prs-j02-u13,Ethernet284,800000,,
sc02-7060xe7-64prs-fan-j02-u11,Ethernet288,sc02-7060xe7-64prs-j02-u13,Ethernet288,800000,,
sc02-7060xe7-64prs-fan-j02-u11,Ethernet292,sc02-7060xe7-64prs-j02-u13,Ethernet292,800000,,
sc02-7060xe7-64prs-fan-j02-u11,Ethernet296,sc02-7060xe7-64prs-j02-u13,Ethernet296,800000,,
sc02-7060xe7-64prs-fan-j02-u11,Ethernet300,sc02-7060xe7-64prs-j02-u13,Ethernet300,800000,,
sc02-7060xe7-64prs-fan-j02-u11,Ethernet304,sc02-7060xe7-64prs-j02-u13,Ethernet304,800000,,
sc02-7060xe7-64prs-fan-j02-u11,Ethernet308,sc02-7060xe7-64prs-j02-u13,Ethernet308,800000,,
sc02-7060xe7-64prs-fan-j02-u11,Ethernet312,sc02-7060xe7-64prs-j02-u13,Ethernet312,800000,,
sc02-7060xe7-64prs-fan-j02-u11,Ethernet316,sc02-7060xe7-64prs-j02-u13,Ethernet316,800000,,
sc02-7060xe7-64prs-fan-j02-u11,Ethernet32,sc02-7060xe7-64prs-j02-u13,Ethernet32,800000,,
sc02-7060xe7-64prs-fan-j02-u11,Ethernet320,sc02-7060xe7-64prs-j02-u13,Ethernet320,800000,,
sc02-7060xe7-64prs-fan-j02-u11,Ethernet324,sc02-7060xe7-64prs-j02-u13,Ethernet324,800000,,
sc02-7060xe7-64prs-fan-j02-u11,Ethernet328,sc02-7060xe7-64prs-j02-u13,Ethernet328,800000,,
sc02-7060xe7-64prs-fan-j02-u11,Ethernet332,sc02-7060xe7-64prs-j02-u13,Ethernet332,800000,,
sc02-7060xe7-64prs-fan-j02-u11,Ethernet336,sc02-7060xe7-64prs-j02-u13,Ethernet336,800000,,
sc02-7060xe7-64prs-fan-j02-u11,Ethernet340,sc02-7060xe7-64prs-j02-u13,Ethernet340,800000,,
sc02-7060xe7-64prs-fan-j02-u11,Ethernet344,sc02-7060xe7-64prs-j02-u13,Ethernet344,800000,,
sc02-7060xe7-64prs-fan-j02-u11,Ethernet348,sc02-7060xe7-64prs-j02-u13,Ethernet348,800000,,
sc02-7060xe7-64prs-fan-j02-u11,Ethernet352,sc02-7060xe7-64prs-j02-u13,Ethernet352,800000,,
sc02-7060xe7-64prs-fan-j02-u11,Ethernet356,sc02-7060xe7-64prs-j02-u13,Ethernet356,800000,,
sc02-7060xe7-64prs-fan-j02-u11,Ethernet36,sc02-7060xe7-64prs-j02-u13,Ethernet36,800000,,
sc02-7060xe7-64prs-fan-j02-u11,Ethernet360,sc02-7060xe7-64prs-j02-u13,Ethernet360,800000,,
sc02-7060xe7-64prs-fan-j02-u11,Ethernet364,sc02-7060xe7-64prs-j02-u13,Ethernet364,800000,,
sc02-7060xe7-64prs-fan-j02-u11,Ethernet368,sc02-7060xe7-64prs-j02-u13,Ethernet368,800000,,
sc02-7060xe7-64prs-fan-j02-u11,Ethernet372,sc02-7060xe7-64prs-j02-u13,Ethernet372,800000,,
sc02-7060xe7-64prs-fan-j02-u11,Ethernet376,sc02-7060xe7-64prs-j02-u13,Ethernet376,800000,,
sc02-7060xe7-64prs-fan-j02-u11,Ethernet380,sc02-7060xe7-64prs-j02-u13,Ethernet380,800000,,
sc02-7060xe7-64prs-fan-j02-u11,Ethernet384,sc02-7060xe7-64prs-j02-u13,Ethernet384,800000,,
sc02-7060xe7-64prs-fan-j02-u11,Ethernet388,sc02-7060xe7-64prs-j02-u13,Ethernet388,800000,,
sc02-7060xe7-64prs-fan-j02-u11,Ethernet392,sc02-7060xe7-64prs-j02-u13,Ethernet392,800000,,
sc02-7060xe7-64prs-fan-j02-u11,Ethernet396,sc02-7060xe7-64prs-j02-u13,Ethernet396,800000,,
sc02-7060xe7-64prs-fan-j02-u11,Ethernet4,sc02-7060xe7-64prs-j02-u13,Ethernet4,800000,,
sc02-7060xe7-64prs-fan-j02-u11,Ethernet40,sc02-7060xe7-64prs-j02-u13,Ethernet40,800000,,
sc02-7060xe7-64prs-fan-j02-u11,Ethernet400,sc02-7060xe7-64prs-j02-u13,Ethernet400,800000,,
sc02-7060xe7-64prs-fan-j02-u11,Ethernet404,sc02-7060xe7-64prs-j02-u13,Ethernet404,800000,,
sc02-7060xe7-64prs-fan-j02-u11,Ethernet408,sc02-7060xe7-64prs-j02-u13,Ethernet408,800000,,
sc02-7060xe7-64prs-fan-j02-u11,Ethernet412,sc02-7060xe7-64prs-j02-u13,Ethernet412,800000,,
sc02-7060xe7-64prs-fan-j02-u11,Ethernet416,sc02-7060xe7-64prs-j02-u13,Ethernet416,800000,,
sc02-7060xe7-64prs-fan-j02-u11,Ethernet420,sc02-7060xe7-64prs-j02-u13,Ethernet420,800000,,
sc02-7060xe7-64prs-fan-j02-u11,Ethernet424,sc02-7060xe7-64prs-j02-u13,Ethernet424,800000,,
sc02-7060xe7-64prs-fan-j02-u11,Ethernet428,sc02-7060xe7-64prs-j02-u13,Ethernet428,800000,,
sc02-7060xe7-64prs-fan-j02-u11,Ethernet432,sc02-7060xe7-64prs-j02-u13,Ethernet432,800000,,
sc02-7060xe7-64prs-fan-j02-u11,Ethernet436,sc02-7060xe7-64prs-j02-u13,Ethernet436,800000,,
sc02-7060xe7-64prs-fan-j02-u11,Ethernet44,sc02-7060xe7-64prs-j02-u13,Ethernet44,800000,,
sc02-7060xe7-64prs-fan-j02-u11,Ethernet440,sc02-7060xe7-64prs-j02-u13,Ethernet440,800000,,
sc02-7060xe7-64prs-fan-j02-u11,Ethernet444,sc02-7060xe7-64prs-j02-u13,Ethernet444,800000,,
sc02-7060xe7-64prs-fan-j02-u11,Ethernet448,sc02-7060xe7-64prs-j02-u13,Ethernet448,800000,,
sc02-7060xe7-64prs-fan-j02-u11,Ethernet452,sc02-7060xe7-64prs-j02-u13,Ethernet452,800000,,
sc02-7060xe7-64prs-fan-j02-u11,Ethernet456,sc02-7060xe7-64prs-j02-u13,Ethernet456,800000,,
sc02-7060xe7-64prs-fan-j02-u11,Ethernet460,sc02-7060xe7-64prs-j02-u13,Ethernet460,800000,,
sc02-7060xe7-64prs-fan-j02-u11,Ethernet464,sc02-7060xe7-64prs-j02-u13,Ethernet464,800000,,
sc02-7060xe7-64prs-fan-j02-u11,Ethernet468,sc02-7060xe7-64prs-j02-u13,Ethernet468,800000,,
sc02-7060xe7-64prs-fan-j02-u11,Ethernet472,sc02-7060xe7-64prs-j02-u13,Ethernet472,800000,,
sc02-7060xe7-64prs-fan-j02-u11,Ethernet476,sc02-7060xe7-64prs-j02-u13,Ethernet476,800000,,
sc02-7060xe7-64prs-fan-j02-u11,Ethernet48,sc02-7060xe7-64prs-j02-u13,Ethernet48,800000,,
sc02-7060xe7-64prs-fan-j02-u11,Ethernet480,sc02-7060xe7-64prs-j02-u13,Ethernet480,800000,,
sc02-7060xe7-64prs-fan-j02-u11,Ethernet484,sc02-7060xe7-64prs-j02-u13,Ethernet484,800000,,
sc02-7060xe7-64prs-fan-j02-u11,Ethernet488,sc02-7060xe7-64prs-j02-u13,Ethernet488,800000,,
sc02-7060xe7-64prs-fan-j02-u11,Ethernet492,sc02-7060xe7-64prs-j02-u13,Ethernet492,800000,,
sc02-7060xe7-64prs-fan-j02-u11,Ethernet496,sc02-7060xe7-64prs-j02-u13,Ethernet496,800000,,
sc02-7060xe7-64prs-fan-j02-u11,Ethernet500,sc02-7060xe7-64prs-j02-u13,Ethernet500,800000,,
sc02-7060xe7-64prs-fan-j02-u11,Ethernet504,sc02-7060xe7-64prs-j02-u13,Ethernet504,800000,,
sc02-7060xe7-64prs-fan-j02-u11,Ethernet508,sc02-7060xe7-64prs-j02-u13,Ethernet508,800000,,
sc02-7060xe7-64prs-fan-j02-u11,Ethernet52,sc02-7060xe7-64prs-j02-u13,Ethernet52,800000,,
sc02-7060xe7-64prs-fan-j02-u11,Ethernet56,sc02-7060xe7-64prs-j02-u13,Ethernet56,800000,,
sc02-7060xe7-64prs-fan-j02-u11,Ethernet60,sc02-7060xe7-64prs-j02-u13,Ethernet60,800000,,
sc02-7060xe7-64prs-fan-j02-u11,Ethernet64,sc02-7060xe7-64prs-j02-u13,Ethernet64,800000,,
sc02-7060xe7-64prs-fan-j02-u11,Ethernet68,sc02-7060xe7-64prs-j02-u13,Ethernet68,800000,,
sc02-7060xe7-64prs-fan-j02-u11,Ethernet72,sc02-7060xe7-64prs-j02-u13,Ethernet72,800000,,
sc02-7060xe7-64prs-fan-j02-u11,Ethernet76,sc02-7060xe7-64prs-j02-u13,Ethernet76,800000,,
sc02-7060xe7-64prs-fan-j02-u11,Ethernet8,sc02-7060xe7-64prs-j02-u13,Ethernet8,800000,,
sc02-7060xe7-64prs-fan-j02-u11,Ethernet80,sc02-7060xe7-64prs-j02-u13,Ethernet80,800000,,
sc02-7060xe7-64prs-fan-j02-u11,Ethernet84,sc02-7060xe7-64prs-j02-u13,Ethernet84,800000,,
sc02-7060xe7-64prs-fan-j02-u11,Ethernet88,sc02-7060xe7-64prs-j02-u13,Ethernet88,800000,,
sc02-7060xe7-64prs-fan-j02-u11,Ethernet92,sc02-7060xe7-64prs-j02-u13,Ethernet92,800000,,
sc02-7060xe7-64prs-fan-j02-u11,Ethernet96,sc02-7060xe7-64prs-j02-u13,Ethernet96,800000,,
sc02-7060xe7-64prs-fan-j02-u15,Ethernet512,sc02-7050cx3-root-k07-u27,Ethernet16,25000,,
sc02-7060xe7-64prs-fan-j02-u15,Ethernet0,sc02-7060xe7-64prs-j02-u17,Ethernet0,400000,,
sc02-7060xe7-64prs-fan-j02-u15,Ethernet10,sc02-7060xe7-64prs-j02-u17,Ethernet10,400000,,
sc02-7060xe7-64prs-fan-j02-u15,Ethernet100,sc02-7060xe7-64prs-j02-u17,Ethernet100,800000,,
sc02-7060xe7-64prs-fan-j02-u15,Ethernet104,sc02-7060xe7-64prs-j02-u17,Ethernet104,400000,,
sc02-7060xe7-64prs-fan-j02-u15,Ethernet106,sc02-7060xe7-64prs-j02-u17,Ethernet106,400000,,
sc02-7060xe7-64prs-fan-j02-u15,Ethernet108,sc02-7060xe7-64prs-j02-u17,Ethernet108,800000,,
sc02-7060xe7-64prs-fan-j02-u15,Ethernet112,sc02-7060xe7-64prs-j02-u17,Ethernet112,400000,,
sc02-7060xe7-64prs-fan-j02-u15,Ethernet114,sc02-7060xe7-64prs-j02-u17,Ethernet114,400000,,
sc02-7060xe7-64prs-fan-j02-u15,Ethernet116,sc02-7060xe7-64prs-j02-u17,Ethernet116,800000,,
sc02-7060xe7-64prs-fan-j02-u15,Ethernet12,sc02-7060xe7-64prs-j02-u17,Ethernet12,800000,,
sc02-7060xe7-64prs-fan-j02-u15,Ethernet120,sc02-7060xe7-64prs-j02-u17,Ethernet120,400000,,
sc02-7060xe7-64prs-fan-j02-u15,Ethernet122,sc02-7060xe7-64prs-j02-u17,Ethernet122,400000,,
sc02-7060xe7-64prs-fan-j02-u15,Ethernet124,sc02-7060xe7-64prs-j02-u17,Ethernet124,800000,,
sc02-7060xe7-64prs-fan-j02-u15,Ethernet128,sc02-7060xe7-64prs-j02-u17,Ethernet128,400000,,
sc02-7060xe7-64prs-fan-j02-u15,Ethernet130,sc02-7060xe7-64prs-j02-u17,Ethernet130,400000,,
sc02-7060xe7-64prs-fan-j02-u15,Ethernet132,sc02-7060xe7-64prs-j02-u17,Ethernet132,800000,,
sc02-7060xe7-64prs-fan-j02-u15,Ethernet136,sc02-7060xe7-64prs-j02-u17,Ethernet136,400000,,
sc02-7060xe7-64prs-fan-j02-u15,Ethernet138,sc02-7060xe7-64prs-j02-u17,Ethernet138,400000,,
sc02-7060xe7-64prs-fan-j02-u15,Ethernet140,sc02-7060xe7-64prs-j02-u17,Ethernet140,800000,,
sc02-7060xe7-64prs-fan-j02-u15,Ethernet144,sc02-7060xe7-64prs-j02-u17,Ethernet144,400000,,
sc02-7060xe7-64prs-fan-j02-u15,Ethernet146,sc02-7060xe7-64prs-j02-u17,Ethernet146,400000,,
sc02-7060xe7-64prs-fan-j02-u15,Ethernet148,sc02-7060xe7-64prs-j02-u17,Ethernet148,800000,,
sc02-7060xe7-64prs-fan-j02-u15,Ethernet152,sc02-7060xe7-64prs-j02-u17,Ethernet152,400000,,
sc02-7060xe7-64prs-fan-j02-u15,Ethernet154,sc02-7060xe7-64prs-j02-u17,Ethernet154,400000,,
sc02-7060xe7-64prs-fan-j02-u15,Ethernet156,sc02-7060xe7-64prs-j02-u17,Ethernet156,800000,,
sc02-7060xe7-64prs-fan-j02-u15,Ethernet16,sc02-7060xe7-64prs-j02-u17,Ethernet16,400000,,
sc02-7060xe7-64prs-fan-j02-u15,Ethernet160,sc02-7060xe7-64prs-j02-u17,Ethernet160,400000,,
sc02-7060xe7-64prs-fan-j02-u15,Ethernet162,sc02-7060xe7-64prs-j02-u17,Ethernet162,400000,,
sc02-7060xe7-64prs-fan-j02-u15,Ethernet164,sc02-7060xe7-64prs-j02-u17,Ethernet164,800000,,
sc02-7060xe7-64prs-fan-j02-u15,Ethernet168,sc02-7060xe7-64prs-j02-u17,Ethernet168,400000,,
sc02-7060xe7-64prs-fan-j02-u15,Ethernet170,sc02-7060xe7-64prs-j02-u17,Ethernet170,400000,,
sc02-7060xe7-64prs-fan-j02-u15,Ethernet172,sc02-7060xe7-64prs-j02-u17,Ethernet172,800000,,
sc02-7060xe7-64prs-fan-j02-u15,Ethernet176,sc02-7060xe7-64prs-j02-u17,Ethernet176,400000,,
sc02-7060xe7-64prs-fan-j02-u15,Ethernet178,sc02-7060xe7-64prs-j02-u17,Ethernet178,400000,,
sc02-7060xe7-64prs-fan-j02-u15,Ethernet18,sc02-7060xe7-64prs-j02-u17,Ethernet18,400000,,
sc02-7060xe7-64prs-fan-j02-u15,Ethernet180,sc02-7060xe7-64prs-j02-u17,Ethernet180,800000,,
sc02-7060xe7-64prs-fan-j02-u15,Ethernet184,sc02-7060xe7-64prs-j02-u17,Ethernet184,400000,,
sc02-7060xe7-64prs-fan-j02-u15,Ethernet186,sc02-7060xe7-64prs-j02-u17,Ethernet186,400000,,
sc02-7060xe7-64prs-fan-j02-u15,Ethernet188,sc02-7060xe7-64prs-j02-u17,Ethernet188,800000,,
sc02-7060xe7-64prs-fan-j02-u15,Ethernet192,sc02-7060xe7-64prs-j02-u17,Ethernet192,400000,,
sc02-7060xe7-64prs-fan-j02-u15,Ethernet194,sc02-7060xe7-64prs-j02-u17,Ethernet194,400000,,
sc02-7060xe7-64prs-fan-j02-u15,Ethernet196,sc02-7060xe7-64prs-j02-u17,Ethernet196,800000,,
sc02-7060xe7-64prs-fan-j02-u15,Ethernet2,sc02-7060xe7-64prs-j02-u17,Ethernet2,400000,,
sc02-7060xe7-64prs-fan-j02-u15,Ethernet20,sc02-7060xe7-64prs-j02-u17,Ethernet20,800000,,
sc02-7060xe7-64prs-fan-j02-u15,Ethernet200,sc02-7060xe7-64prs-j02-u17,Ethernet200,400000,,
sc02-7060xe7-64prs-fan-j02-u15,Ethernet202,sc02-7060xe7-64prs-j02-u17,Ethernet202,400000,,
sc02-7060xe7-64prs-fan-j02-u15,Ethernet204,sc02-7060xe7-64prs-j02-u17,Ethernet204,800000,,
sc02-7060xe7-64prs-fan-j02-u15,Ethernet208,sc02-7060xe7-64prs-j02-u17,Ethernet208,400000,,
sc02-7060xe7-64prs-fan-j02-u15,Ethernet210,sc02-7060xe7-64prs-j02-u17,Ethernet210,400000,,
sc02-7060xe7-64prs-fan-j02-u15,Ethernet212,sc02-7060xe7-64prs-j02-u17,Ethernet212,800000,,
sc02-7060xe7-64prs-fan-j02-u15,Ethernet216,sc02-7060xe7-64prs-j02-u17,Ethernet216,400000,,
sc02-7060xe7-64prs-fan-j02-u15,Ethernet218,sc02-7060xe7-64prs-j02-u17,Ethernet218,400000,,
sc02-7060xe7-64prs-fan-j02-u15,Ethernet220,sc02-7060xe7-64prs-j02-u17,Ethernet220,800000,,
sc02-7060xe7-64prs-fan-j02-u15,Ethernet224,sc02-7060xe7-64prs-j02-u17,Ethernet224,400000,,
sc02-7060xe7-64prs-fan-j02-u15,Ethernet226,sc02-7060xe7-64prs-j02-u17,Ethernet226,400000,,
sc02-7060xe7-64prs-fan-j02-u15,Ethernet228,sc02-7060xe7-64prs-j02-u17,Ethernet228,800000,,
sc02-7060xe7-64prs-fan-j02-u15,Ethernet232,sc02-7060xe7-64prs-j02-u17,Ethernet232,400000,,
sc02-7060xe7-64prs-fan-j02-u15,Ethernet234,sc02-7060xe7-64prs-j02-u17,Ethernet234,400000,,
sc02-7060xe7-64prs-fan-j02-u15,Ethernet236,sc02-7060xe7-64prs-j02-u17,Ethernet236,800000,,
sc02-7060xe7-64prs-fan-j02-u15,Ethernet24,sc02-7060xe7-64prs-j02-u17,Ethernet24,400000,,
sc02-7060xe7-64prs-fan-j02-u15,Ethernet240,sc02-7060xe7-64prs-j02-u17,Ethernet240,400000,,
sc02-7060xe7-64prs-fan-j02-u15,Ethernet242,sc02-7060xe7-64prs-j02-u17,Ethernet242,400000,,
sc02-7060xe7-64prs-fan-j02-u15,Ethernet244,sc02-7060xe7-64prs-j02-u17,Ethernet244,800000,,
sc02-7060xe7-64prs-fan-j02-u15,Ethernet248,sc02-7060xe7-64prs-j02-u17,Ethernet248,400000,,
sc02-7060xe7-64prs-fan-j02-u15,Ethernet250,sc02-7060xe7-64prs-j02-u17,Ethernet250,400000,,
sc02-7060xe7-64prs-fan-j02-u15,Ethernet252,sc02-7060xe7-64prs-j02-u17,Ethernet252,800000,,
sc02-7060xe7-64prs-fan-j02-u15,Ethernet256,sc02-7060xe7-64prs-j02-u17,Ethernet256,400000,,
sc02-7060xe7-64prs-fan-j02-u15,Ethernet258,sc02-7060xe7-64prs-j02-u17,Ethernet258,400000,,
sc02-7060xe7-64prs-fan-j02-u15,Ethernet26,sc02-7060xe7-64prs-j02-u17,Ethernet26,400000,,
sc02-7060xe7-64prs-fan-j02-u15,Ethernet260,sc02-7060xe7-64prs-j02-u17,Ethernet260,800000,,
sc02-7060xe7-64prs-fan-j02-u15,Ethernet264,sc02-7060xe7-64prs-j02-u17,Ethernet264,400000,,
sc02-7060xe7-64prs-fan-j02-u15,Ethernet266,sc02-7060xe7-64prs-j02-u17,Ethernet266,400000,,
sc02-7060xe7-64prs-fan-j02-u15,Ethernet268,sc02-7060xe7-64prs-j02-u17,Ethernet268,800000,,
sc02-7060xe7-64prs-fan-j02-u15,Ethernet272,sc02-7060xe7-64prs-j02-u17,Ethernet272,400000,,
sc02-7060xe7-64prs-fan-j02-u15,Ethernet274,sc02-7060xe7-64prs-j02-u17,Ethernet274,400000,,
sc02-7060xe7-64prs-fan-j02-u15,Ethernet276,sc02-7060xe7-64prs-j02-u17,Ethernet276,800000,,
sc02-7060xe7-64prs-fan-j02-u15,Ethernet28,sc02-7060xe7-64prs-j02-u17,Ethernet28,800000,,
sc02-7060xe7-64prs-fan-j02-u15,Ethernet280,sc02-7060xe7-64prs-j02-u17,Ethernet280,400000,,
sc02-7060xe7-64prs-fan-j02-u15,Ethernet282,sc02-7060xe7-64prs-j02-u17,Ethernet282,400000,,
sc02-7060xe7-64prs-fan-j02-u15,Ethernet284,sc02-7060xe7-64prs-j02-u17,Ethernet284,800000,,
sc02-7060xe7-64prs-fan-j02-u15,Ethernet288,sc02-7060xe7-64prs-j02-u17,Ethernet288,400000,,
sc02-7060xe7-64prs-fan-j02-u15,Ethernet290,sc02-7060xe7-64prs-j02-u17,Ethernet290,400000,,
sc02-7060xe7-64prs-fan-j02-u15,Ethernet292,sc02-7060xe7-64prs-j02-u17,Ethernet292,800000,,
sc02-7060xe7-64prs-fan-j02-u15,Ethernet296,sc02-7060xe7-64prs-j02-u17,Ethernet296,400000,,
sc02-7060xe7-64prs-fan-j02-u15,Ethernet298,sc02-7060xe7-64prs-j02-u17,Ethernet298,400000,,
sc02-7060xe7-64prs-fan-j02-u15,Ethernet300,sc02-7060xe7-64prs-j02-u17,Ethernet300,800000,,
sc02-7060xe7-64prs-fan-j02-u15,Ethernet304,sc02-7060xe7-64prs-j02-u17,Ethernet304,400000,,
sc02-7060xe7-64prs-fan-j02-u15,Ethernet306,sc02-7060xe7-64prs-j02-u17,Ethernet306,400000,,
sc02-7060xe7-64prs-fan-j02-u15,Ethernet308,sc02-7060xe7-64prs-j02-u17,Ethernet308,800000,,
sc02-7060xe7-64prs-fan-j02-u15,Ethernet312,sc02-7060xe7-64prs-j02-u17,Ethernet312,400000,,
sc02-7060xe7-64prs-fan-j02-u15,Ethernet314,sc02-7060xe7-64prs-j02-u17,Ethernet314,400000,,
sc02-7060xe7-64prs-fan-j02-u15,Ethernet316,sc02-7060xe7-64prs-j02-u17,Ethernet316,800000,,
sc02-7060xe7-64prs-fan-j02-u15,Ethernet32,sc02-7060xe7-64prs-j02-u17,Ethernet32,400000,,
sc02-7060xe7-64prs-fan-j02-u15,Ethernet320,sc02-7060xe7-64prs-j02-u17,Ethernet320,400000,,
sc02-7060xe7-64prs-fan-j02-u15,Ethernet322,sc02-7060xe7-64prs-j02-u17,Ethernet322,400000,,
sc02-7060xe7-64prs-fan-j02-u15,Ethernet324,sc02-7060xe7-64prs-j02-u17,Ethernet324,800000,,
sc02-7060xe7-64prs-fan-j02-u15,Ethernet328,sc02-7060xe7-64prs-j02-u17,Ethernet328,400000,,
sc02-7060xe7-64prs-fan-j02-u15,Ethernet330,sc02-7060xe7-64prs-j02-u17,Ethernet330,400000,,
sc02-7060xe7-64prs-fan-j02-u15,Ethernet332,sc02-7060xe7-64prs-j02-u17,Ethernet332,800000,,
sc02-7060xe7-64prs-fan-j02-u15,Ethernet336,sc02-7060xe7-64prs-j02-u17,Ethernet336,400000,,
sc02-7060xe7-64prs-fan-j02-u15,Ethernet338,sc02-7060xe7-64prs-j02-u17,Ethernet338,400000,,
sc02-7060xe7-64prs-fan-j02-u15,Ethernet34,sc02-7060xe7-64prs-j02-u17,Ethernet34,400000,,
sc02-7060xe7-64prs-fan-j02-u15,Ethernet340,sc02-7060xe7-64prs-j02-u17,Ethernet340,800000,,
sc02-7060xe7-64prs-fan-j02-u15,Ethernet344,sc02-7060xe7-64prs-j02-u17,Ethernet344,400000,,
sc02-7060xe7-64prs-fan-j02-u15,Ethernet346,sc02-7060xe7-64prs-j02-u17,Ethernet346,400000,,
sc02-7060xe7-64prs-fan-j02-u15,Ethernet348,sc02-7060xe7-64prs-j02-u17,Ethernet348,800000,,
sc02-7060xe7-64prs-fan-j02-u15,Ethernet352,sc02-7060xe7-64prs-j02-u17,Ethernet352,400000,,
sc02-7060xe7-64prs-fan-j02-u15,Ethernet354,sc02-7060xe7-64prs-j02-u17,Ethernet354,400000,,
sc02-7060xe7-64prs-fan-j02-u15,Ethernet356,sc02-7060xe7-64prs-j02-u17,Ethernet356,800000,,
sc02-7060xe7-64prs-fan-j02-u15,Ethernet36,sc02-7060xe7-64prs-j02-u17,Ethernet36,800000,,
sc02-7060xe7-64prs-fan-j02-u15,Ethernet360,sc02-7060xe7-64prs-j02-u17,Ethernet360,400000,,
sc02-7060xe7-64prs-fan-j02-u15,Ethernet362,sc02-7060xe7-64prs-j02-u17,Ethernet362,400000,,
sc02-7060xe7-64prs-fan-j02-u15,Ethernet364,sc02-7060xe7-64prs-j02-u17,Ethernet364,800000,,
sc02-7060xe7-64prs-fan-j02-u15,Ethernet368,sc02-7060xe7-64prs-j02-u17,Ethernet368,400000,,
sc02-7060xe7-64prs-fan-j02-u15,Ethernet370,sc02-7060xe7-64prs-j02-u17,Ethernet370,400000,,
sc02-7060xe7-64prs-fan-j02-u15,Ethernet372,sc02-7060xe7-64prs-j02-u17,Ethernet372,800000,,
sc02-7060xe7-64prs-fan-j02-u15,Ethernet376,sc02-7060xe7-64prs-j02-u17,Ethernet376,400000,,
sc02-7060xe7-64prs-fan-j02-u15,Ethernet378,sc02-7060xe7-64prs-j02-u17,Ethernet378,400000,,
sc02-7060xe7-64prs-fan-j02-u15,Ethernet380,sc02-7060xe7-64prs-j02-u17,Ethernet380,800000,,
sc02-7060xe7-64prs-fan-j02-u15,Ethernet384,sc02-7060xe7-64prs-j02-u17,Ethernet384,400000,,
sc02-7060xe7-64prs-fan-j02-u15,Ethernet386,sc02-7060xe7-64prs-j02-u17,Ethernet386,400000,,
sc02-7060xe7-64prs-fan-j02-u15,Ethernet388,sc02-7060xe7-64prs-j02-u17,Ethernet388,800000,,
sc02-7060xe7-64prs-fan-j02-u15,Ethernet392,sc02-7060xe7-64prs-j02-u17,Ethernet392,400000,,
sc02-7060xe7-64prs-fan-j02-u15,Ethernet394,sc02-7060xe7-64prs-j02-u17,Ethernet394,400000,,
sc02-7060xe7-64prs-fan-j02-u15,Ethernet396,sc02-7060xe7-64prs-j02-u17,Ethernet396,800000,,
sc02-7060xe7-64prs-fan-j02-u15,Ethernet4,sc02-7060xe7-64prs-j02-u17,Ethernet4,800000,,
sc02-7060xe7-64prs-fan-j02-u15,Ethernet40,sc02-7060xe7-64prs-j02-u17,Ethernet40,400000,,
sc02-7060xe7-64prs-fan-j02-u15,Ethernet400,sc02-7060xe7-64prs-j02-u17,Ethernet400,400000,,
sc02-7060xe7-64prs-fan-j02-u15,Ethernet402,sc02-7060xe7-64prs-j02-u17,Ethernet402,400000,,
sc02-7060xe7-64prs-fan-j02-u15,Ethernet404,sc02-7060xe7-64prs-j02-u17,Ethernet404,800000,,
sc02-7060xe7-64prs-fan-j02-u15,Ethernet408,sc02-7060xe7-64prs-j02-u17,Ethernet408,400000,,
sc02-7060xe7-64prs-fan-j02-u15,Ethernet410,sc02-7060xe7-64prs-j02-u17,Ethernet410,400000,,
sc02-7060xe7-64prs-fan-j02-u15,Ethernet412,sc02-7060xe7-64prs-j02-u17,Ethernet412,800000,,
sc02-7060xe7-64prs-fan-j02-u15,Ethernet416,sc02-7060xe7-64prs-j02-u17,Ethernet416,400000,,
sc02-7060xe7-64prs-fan-j02-u15,Ethernet418,sc02-7060xe7-64prs-j02-u17,Ethernet418,400000,,
sc02-7060xe7-64prs-fan-j02-u15,Ethernet42,sc02-7060xe7-64prs-j02-u17,Ethernet42,400000,,
sc02-7060xe7-64prs-fan-j02-u15,Ethernet420,sc02-7060xe7-64prs-j02-u17,Ethernet420,800000,,
sc02-7060xe7-64prs-fan-j02-u15,Ethernet424,sc02-7060xe7-64prs-j02-u17,Ethernet424,400000,,
sc02-7060xe7-64prs-fan-j02-u15,Ethernet426,sc02-7060xe7-64prs-j02-u17,Ethernet426,400000,,
sc02-7060xe7-64prs-fan-j02-u15,Ethernet428,sc02-7060xe7-64prs-j02-u17,Ethernet428,800000,,
sc02-7060xe7-64prs-fan-j02-u15,Ethernet432,sc02-7060xe7-64prs-j02-u17,Ethernet432,400000,,
sc02-7060xe7-64prs-fan-j02-u15,Ethernet434,sc02-7060xe7-64prs-j02-u17,Ethernet434,400000,,
sc02-7060xe7-64prs-fan-j02-u15,Ethernet436,sc02-7060xe7-64prs-j02-u17,Ethernet436,800000,,
sc02-7060xe7-64prs-fan-j02-u15,Ethernet44,sc02-7060xe7-64prs-j02-u17,Ethernet44,800000,,
sc02-7060xe7-64prs-fan-j02-u15,Ethernet440,sc02-7060xe7-64prs-j02-u17,Ethernet440,400000,,
sc02-7060xe7-64prs-fan-j02-u15,Ethernet442,sc02-7060xe7-64prs-j02-u17,Ethernet442,400000,,
sc02-7060xe7-64prs-fan-j02-u15,Ethernet444,sc02-7060xe7-64prs-j02-u17,Ethernet444,800000,,
sc02-7060xe7-64prs-fan-j02-u15,Ethernet448,sc02-7060xe7-64prs-j02-u17,Ethernet448,400000,,
sc02-7060xe7-64prs-fan-j02-u15,Ethernet450,sc02-7060xe7-64prs-j02-u17,Ethernet450,400000,,
sc02-7060xe7-64prs-fan-j02-u15,Ethernet452,sc02-7060xe7-64prs-j02-u17,Ethernet452,800000,,
sc02-7060xe7-64prs-fan-j02-u15,Ethernet456,sc02-7060xe7-64prs-j02-u17,Ethernet456,400000,,
sc02-7060xe7-64prs-fan-j02-u15,Ethernet458,sc02-7060xe7-64prs-j02-u17,Ethernet458,400000,,
sc02-7060xe7-64prs-fan-j02-u15,Ethernet460,sc02-7060xe7-64prs-j02-u17,Ethernet460,800000,,
sc02-7060xe7-64prs-fan-j02-u15,Ethernet464,sc02-7060xe7-64prs-j02-u17,Ethernet464,400000,,
sc02-7060xe7-64prs-fan-j02-u15,Ethernet466,sc02-7060xe7-64prs-j02-u17,Ethernet466,400000,,
sc02-7060xe7-64prs-fan-j02-u15,Ethernet468,sc02-7060xe7-64prs-j02-u17,Ethernet468,800000,,
sc02-7060xe7-64prs-fan-j02-u15,Ethernet472,sc02-7060xe7-64prs-j02-u17,Ethernet472,400000,,
sc02-7060xe7-64prs-fan-j02-u15,Ethernet474,sc02-7060xe7-64prs-j02-u17,Ethernet474,400000,,
sc02-7060xe7-64prs-fan-j02-u15,Ethernet476,sc02-7060xe7-64prs-j02-u17,Ethernet476,800000,,
sc02-7060xe7-64prs-fan-j02-u15,Ethernet48,sc02-7060xe7-64prs-j02-u17,Ethernet48,400000,,
sc02-7060xe7-64prs-fan-j02-u15,Ethernet480,sc02-7060xe7-64prs-j02-u17,Ethernet480,400000,,
sc02-7060xe7-64prs-fan-j02-u15,Ethernet482,sc02-7060xe7-64prs-j02-u17,Ethernet482,400000,,
sc02-7060xe7-64prs-fan-j02-u15,Ethernet484,sc02-7060xe7-64prs-j02-u17,Ethernet484,800000,,
sc02-7060xe7-64prs-fan-j02-u15,Ethernet488,sc02-7060xe7-64prs-j02-u17,Ethernet488,400000,,
sc02-7060xe7-64prs-fan-j02-u15,Ethernet490,sc02-7060xe7-64prs-j02-u17,Ethernet490,400000,,
sc02-7060xe7-64prs-fan-j02-u15,Ethernet492,sc02-7060xe7-64prs-j02-u17,Ethernet492,800000,,
sc02-7060xe7-64prs-fan-j02-u15,Ethernet496,sc02-7060xe7-64prs-j02-u17,Ethernet496,400000,,
sc02-7060xe7-64prs-fan-j02-u15,Ethernet498,sc02-7060xe7-64prs-j02-u17,Ethernet498,400000,,
sc02-7060xe7-64prs-fan-j02-u15,Ethernet50,sc02-7060xe7-64prs-j02-u17,Ethernet50,400000,,
sc02-7060xe7-64prs-fan-j02-u15,Ethernet500,sc02-7060xe7-64prs-j02-u17,Ethernet500,800000,,
sc02-7060xe7-64prs-fan-j02-u15,Ethernet504,sc02-7060xe7-64prs-j02-u17,Ethernet504,400000,,
sc02-7060xe7-64prs-fan-j02-u15,Ethernet506,sc02-7060xe7-64prs-j02-u17,Ethernet506,400000,,
sc02-7060xe7-64prs-fan-j02-u15,Ethernet508,sc02-7060xe7-64prs-j02-u17,Ethernet508,800000,,
sc02-7060xe7-64prs-fan-j02-u15,Ethernet52,sc02-7060xe7-64prs-j02-u17,Ethernet52,800000,,
sc02-7060xe7-64prs-fan-j02-u15,Ethernet56,sc02-7060xe7-64prs-j02-u17,Ethernet56,400000,,
sc02-7060xe7-64prs-fan-j02-u15,Ethernet58,sc02-7060xe7-64prs-j02-u17,Ethernet58,400000,,
sc02-7060xe7-64prs-fan-j02-u15,Ethernet60,sc02-7060xe7-64prs-j02-u17,Ethernet60,800000,,
sc02-7060xe7-64prs-fan-j02-u15,Ethernet64,sc02-7060xe7-64prs-j02-u17,Ethernet64,400000,,
sc02-7060xe7-64prs-fan-j02-u15,Ethernet66,sc02-7060xe7-64prs-j02-u17,Ethernet66,400000,,
sc02-7060xe7-64prs-fan-j02-u15,Ethernet68,sc02-7060xe7-64prs-j02-u17,Ethernet68,800000,,
sc02-7060xe7-64prs-fan-j02-u15,Ethernet72,sc02-7060xe7-64prs-j02-u17,Ethernet72,400000,,
sc02-7060xe7-64prs-fan-j02-u15,Ethernet74,sc02-7060xe7-64prs-j02-u17,Ethernet74,400000,,
sc02-7060xe7-64prs-fan-j02-u15,Ethernet76,sc02-7060xe7-64prs-j02-u17,Ethernet76,800000,,
sc02-7060xe7-64prs-fan-j02-u15,Ethernet8,sc02-7060xe7-64prs-j02-u17,Ethernet8,400000,,
sc02-7060xe7-64prs-fan-j02-u15,Ethernet80,sc02-7060xe7-64prs-j02-u17,Ethernet80,400000,,
sc02-7060xe7-64prs-fan-j02-u15,Ethernet82,sc02-7060xe7-64prs-j02-u17,Ethernet82,400000,,
sc02-7060xe7-64prs-fan-j02-u15,Ethernet84,sc02-7060xe7-64prs-j02-u17,Ethernet84,800000,,
sc02-7060xe7-64prs-fan-j02-u15,Ethernet88,sc02-7060xe7-64prs-j02-u17,Ethernet88,400000,,
sc02-7060xe7-64prs-fan-j02-u15,Ethernet90,sc02-7060xe7-64prs-j02-u17,Ethernet90,400000,,
sc02-7060xe7-64prs-fan-j02-u15,Ethernet92,sc02-7060xe7-64prs-j02-u17,Ethernet92,800000,,
sc02-7060xe7-64prs-fan-j02-u15,Ethernet96,sc02-7060xe7-64prs-j02-u17,Ethernet96,400000,,
sc02-7060xe7-64prs-fan-j02-u15,Ethernet98,sc02-7060xe7-64prs-j02-u17,Ethernet98,400000,,
sc02-7060xe7-64prs-fan-j05-u07,Ethernet512,sc02-7050cx3-root-k06-u27,Ethernet24,25000,,
sc02-7060xe7-64prs-fan-j05-u07,Ethernet0,sc02-7060xe7-64prs-j05-u09,Ethernet0,800000,,
sc02-7060xe7-64prs-fan-j05-u07,Ethernet100,sc02-7060xe7-64prs-j05-u09,Ethernet100,800000,,
sc02-7060xe7-64prs-fan-j05-u07,Ethernet104,sc02-7060xe7-64prs-j05-u09,Ethernet104,800000,,
sc02-7060xe7-64prs-fan-j05-u07,Ethernet108,sc02-7060xe7-64prs-j05-u09,Ethernet108,800000,,
sc02-7060xe7-64prs-fan-j05-u07,Ethernet112,sc02-7060xe7-64prs-j05-u09,Ethernet112,800000,,
sc02-7060xe7-64prs-fan-j05-u07,Ethernet116,sc02-7060xe7-64prs-j05-u09,Ethernet116,800000,,
sc02-7060xe7-64prs-fan-j05-u07,Ethernet12,sc02-7060xe7-64prs-j05-u09,Ethernet12,800000,,
sc02-7060xe7-64prs-fan-j05-u07,Ethernet120,sc02-7060xe7-64prs-j05-u09,Ethernet120,800000,,
sc02-7060xe7-64prs-fan-j05-u07,Ethernet124,sc02-7060xe7-64prs-j05-u09,Ethernet124,800000,,
sc02-7060xe7-64prs-fan-j05-u07,Ethernet128,sc02-7060xe7-64prs-j05-u09,Ethernet128,800000,,
sc02-7060xe7-64prs-fan-j05-u07,Ethernet132,sc02-7060xe7-64prs-j05-u09,Ethernet132,800000,,
sc02-7060xe7-64prs-fan-j05-u07,Ethernet136,sc02-7060xe7-64prs-j05-u09,Ethernet136,800000,,
sc02-7060xe7-64prs-fan-j05-u07,Ethernet140,sc02-7060xe7-64prs-j05-u09,Ethernet140,800000,,
sc02-7060xe7-64prs-fan-j05-u07,Ethernet144,sc02-7060xe7-64prs-j05-u09,Ethernet144,800000,,
sc02-7060xe7-64prs-fan-j05-u07,Ethernet148,sc02-7060xe7-64prs-j05-u09,Ethernet148,800000,,
sc02-7060xe7-64prs-fan-j05-u07,Ethernet152,sc02-7060xe7-64prs-j05-u09,Ethernet152,800000,,
sc02-7060xe7-64prs-fan-j05-u07,Ethernet156,sc02-7060xe7-64prs-j05-u09,Ethernet156,800000,,
sc02-7060xe7-64prs-fan-j05-u07,Ethernet16,sc02-7060xe7-64prs-j05-u09,Ethernet16,800000,,
sc02-7060xe7-64prs-fan-j05-u07,Ethernet160,sc02-7060xe7-64prs-j05-u09,Ethernet160,800000,,
sc02-7060xe7-64prs-fan-j05-u07,Ethernet164,sc02-7060xe7-64prs-j05-u09,Ethernet164,800000,,
sc02-7060xe7-64prs-fan-j05-u07,Ethernet168,sc02-7060xe7-64prs-j05-u09,Ethernet168,800000,,
sc02-7060xe7-64prs-fan-j05-u07,Ethernet172,sc02-7060xe7-64prs-j05-u09,Ethernet172,800000,,
sc02-7060xe7-64prs-fan-j05-u07,Ethernet176,sc02-7060xe7-64prs-j05-u09,Ethernet176,800000,,
sc02-7060xe7-64prs-fan-j05-u07,Ethernet180,sc02-7060xe7-64prs-j05-u09,Ethernet180,800000,,
sc02-7060xe7-64prs-fan-j05-u07,Ethernet184,sc02-7060xe7-64prs-j05-u09,Ethernet184,800000,,
sc02-7060xe7-64prs-fan-j05-u07,Ethernet188,sc02-7060xe7-64prs-j05-u09,Ethernet188,800000,,
sc02-7060xe7-64prs-fan-j05-u07,Ethernet192,sc02-7060xe7-64prs-j05-u09,Ethernet192,800000,,
sc02-7060xe7-64prs-fan-j05-u07,Ethernet196,sc02-7060xe7-64prs-j05-u09,Ethernet196,800000,,
sc02-7060xe7-64prs-fan-j05-u07,Ethernet20,sc02-7060xe7-64prs-j05-u09,Ethernet20,800000,,
sc02-7060xe7-64prs-fan-j05-u07,Ethernet200,sc02-7060xe7-64prs-j05-u09,Ethernet200,800000,,
sc02-7060xe7-64prs-fan-j05-u07,Ethernet204,sc02-7060xe7-64prs-j05-u09,Ethernet204,800000,,
sc02-7060xe7-64prs-fan-j05-u07,Ethernet208,sc02-7060xe7-64prs-j05-u09,Ethernet208,800000,,
sc02-7060xe7-64prs-fan-j05-u07,Ethernet212,sc02-7060xe7-64prs-j05-u09,Ethernet212,800000,,
sc02-7060xe7-64prs-fan-j05-u07,Ethernet216,sc02-7060xe7-64prs-j05-u09,Ethernet216,800000,,
sc02-7060xe7-64prs-fan-j05-u07,Ethernet220,sc02-7060xe7-64prs-j05-u09,Ethernet220,800000,,
sc02-7060xe7-64prs-fan-j05-u07,Ethernet224,sc02-7060xe7-64prs-j05-u09,Ethernet224,800000,,
sc02-7060xe7-64prs-fan-j05-u07,Ethernet228,sc02-7060xe7-64prs-j05-u09,Ethernet228,800000,,
sc02-7060xe7-64prs-fan-j05-u07,Ethernet232,sc02-7060xe7-64prs-j05-u09,Ethernet232,800000,,
sc02-7060xe7-64prs-fan-j05-u07,Ethernet236,sc02-7060xe7-64prs-j05-u09,Ethernet236,800000,,
sc02-7060xe7-64prs-fan-j05-u07,Ethernet24,sc02-7060xe7-64prs-j05-u09,Ethernet24,800000,,
sc02-7060xe7-64prs-fan-j05-u07,Ethernet240,sc02-7060xe7-64prs-j05-u09,Ethernet240,800000,,
sc02-7060xe7-64prs-fan-j05-u07,Ethernet244,sc02-7060xe7-64prs-j05-u09,Ethernet244,800000,,
sc02-7060xe7-64prs-fan-j05-u07,Ethernet248,sc02-7060xe7-64prs-j05-u09,Ethernet248,800000,,
sc02-7060xe7-64prs-fan-j05-u07,Ethernet252,sc02-7060xe7-64prs-j05-u09,Ethernet252,800000,,
sc02-7060xe7-64prs-fan-j05-u07,Ethernet256,sc02-7060xe7-64prs-j05-u09,Ethernet256,800000,,
sc02-7060xe7-64prs-fan-j05-u07,Ethernet260,sc02-7060xe7-64prs-j05-u09,Ethernet260,800000,,
sc02-7060xe7-64prs-fan-j05-u07,Ethernet264,sc02-7060xe7-64prs-j05-u09,Ethernet264,800000,,
sc02-7060xe7-64prs-fan-j05-u07,Ethernet268,sc02-7060xe7-64prs-j05-u09,Ethernet268,800000,,
sc02-7060xe7-64prs-fan-j05-u07,Ethernet272,sc02-7060xe7-64prs-j05-u09,Ethernet272,800000,,
sc02-7060xe7-64prs-fan-j05-u07,Ethernet276,sc02-7060xe7-64prs-j05-u09,Ethernet276,800000,,
sc02-7060xe7-64prs-fan-j05-u07,Ethernet28,sc02-7060xe7-64prs-j05-u09,Ethernet28,800000,,
sc02-7060xe7-64prs-fan-j05-u07,Ethernet280,sc02-7060xe7-64prs-j05-u09,Ethernet280,800000,,
sc02-7060xe7-64prs-fan-j05-u07,Ethernet284,sc02-7060xe7-64prs-j05-u09,Ethernet284,800000,,
sc02-7060xe7-64prs-fan-j05-u07,Ethernet288,sc02-7060xe7-64prs-j05-u09,Ethernet288,800000,,
sc02-7060xe7-64prs-fan-j05-u07,Ethernet292,sc02-7060xe7-64prs-j05-u09,Ethernet292,800000,,
sc02-7060xe7-64prs-fan-j05-u07,Ethernet296,sc02-7060xe7-64prs-j05-u09,Ethernet296,800000,,
sc02-7060xe7-64prs-fan-j05-u07,Ethernet300,sc02-7060xe7-64prs-j05-u09,Ethernet300,800000,,
sc02-7060xe7-64prs-fan-j05-u07,Ethernet304,sc02-7060xe7-64prs-j05-u09,Ethernet304,800000,,
sc02-7060xe7-64prs-fan-j05-u07,Ethernet308,sc02-7060xe7-64prs-j05-u09,Ethernet308,800000,,
sc02-7060xe7-64prs-fan-j05-u07,Ethernet312,sc02-7060xe7-64prs-j05-u09,Ethernet312,800000,,
sc02-7060xe7-64prs-fan-j05-u07,Ethernet316,sc02-7060xe7-64prs-j05-u09,Ethernet316,800000,,
sc02-7060xe7-64prs-fan-j05-u07,Ethernet32,sc02-7060xe7-64prs-j05-u09,Ethernet32,800000,,
sc02-7060xe7-64prs-fan-j05-u07,Ethernet320,sc02-7060xe7-64prs-j05-u09,Ethernet320,800000,,
sc02-7060xe7-64prs-fan-j05-u07,Ethernet324,sc02-7060xe7-64prs-j05-u09,Ethernet324,800000,,
sc02-7060xe7-64prs-fan-j05-u07,Ethernet328,sc02-7060xe7-64prs-j05-u09,Ethernet328,800000,,
sc02-7060xe7-64prs-fan-j05-u07,Ethernet332,sc02-7060xe7-64prs-j05-u09,Ethernet332,800000,,
sc02-7060xe7-64prs-fan-j05-u07,Ethernet336,sc02-7060xe7-64prs-j05-u09,Ethernet336,800000,,
sc02-7060xe7-64prs-fan-j05-u07,Ethernet340,sc02-7060xe7-64prs-j05-u09,Ethernet340,800000,,
sc02-7060xe7-64prs-fan-j05-u07,Ethernet344,sc02-7060xe7-64prs-j05-u09,Ethernet344,800000,,
sc02-7060xe7-64prs-fan-j05-u07,Ethernet348,sc02-7060xe7-64prs-j05-u09,Ethernet348,800000,,
sc02-7060xe7-64prs-fan-j05-u07,Ethernet352,sc02-7060xe7-64prs-j05-u09,Ethernet352,800000,,
sc02-7060xe7-64prs-fan-j05-u07,Ethernet356,sc02-7060xe7-64prs-j05-u09,Ethernet356,800000,,
sc02-7060xe7-64prs-fan-j05-u07,Ethernet36,sc02-7060xe7-64prs-j05-u09,Ethernet36,800000,,
sc02-7060xe7-64prs-fan-j05-u07,Ethernet360,sc02-7060xe7-64prs-j05-u09,Ethernet360,800000,,
sc02-7060xe7-64prs-fan-j05-u07,Ethernet364,sc02-7060xe7-64prs-j05-u09,Ethernet364,800000,,
sc02-7060xe7-64prs-fan-j05-u07,Ethernet368,sc02-7060xe7-64prs-j05-u09,Ethernet368,800000,,
sc02-7060xe7-64prs-fan-j05-u07,Ethernet372,sc02-7060xe7-64prs-j05-u09,Ethernet372,800000,,
sc02-7060xe7-64prs-fan-j05-u07,Ethernet376,sc02-7060xe7-64prs-j05-u09,Ethernet376,800000,,
sc02-7060xe7-64prs-fan-j05-u07,Ethernet380,sc02-7060xe7-64prs-j05-u09,Ethernet380,800000,,
sc02-7060xe7-64prs-fan-j05-u07,Ethernet384,sc02-7060xe7-64prs-j05-u09,Ethernet384,800000,,
sc02-7060xe7-64prs-fan-j05-u07,Ethernet388,sc02-7060xe7-64prs-j05-u09,Ethernet388,800000,,
sc02-7060xe7-64prs-fan-j05-u07,Ethernet392,sc02-7060xe7-64prs-j05-u09,Ethernet392,800000,,
sc02-7060xe7-64prs-fan-j05-u07,Ethernet396,sc02-7060xe7-64prs-j05-u09,Ethernet396,800000,,
sc02-7060xe7-64prs-fan-j05-u07,Ethernet4,sc02-7060xe7-64prs-j05-u09,Ethernet4,800000,,
sc02-7060xe7-64prs-fan-j05-u07,Ethernet40,sc02-7060xe7-64prs-j05-u09,Ethernet40,800000,,
sc02-7060xe7-64prs-fan-j05-u07,Ethernet400,sc02-7060xe7-64prs-j05-u09,Ethernet400,800000,,
sc02-7060xe7-64prs-fan-j05-u07,Ethernet404,sc02-7060xe7-64prs-j05-u09,Ethernet404,800000,,
sc02-7060xe7-64prs-fan-j05-u07,Ethernet408,sc02-7060xe7-64prs-j05-u09,Ethernet408,800000,,
sc02-7060xe7-64prs-fan-j05-u07,Ethernet412,sc02-7060xe7-64prs-j05-u09,Ethernet412,800000,,
sc02-7060xe7-64prs-fan-j05-u07,Ethernet416,sc02-7060xe7-64prs-j05-u09,Ethernet416,800000,,
sc02-7060xe7-64prs-fan-j05-u07,Ethernet420,sc02-7060xe7-64prs-j05-u09,Ethernet420,800000,,
sc02-7060xe7-64prs-fan-j05-u07,Ethernet424,sc02-7060xe7-64prs-j05-u09,Ethernet424,800000,,
sc02-7060xe7-64prs-fan-j05-u07,Ethernet428,sc02-7060xe7-64prs-j05-u09,Ethernet428,800000,,
sc02-7060xe7-64prs-fan-j05-u07,Ethernet432,sc02-7060xe7-64prs-j05-u09,Ethernet432,800000,,
sc02-7060xe7-64prs-fan-j05-u07,Ethernet436,sc02-7060xe7-64prs-j05-u09,Ethernet436,800000,,
sc02-7060xe7-64prs-fan-j05-u07,Ethernet44,sc02-7060xe7-64prs-j05-u09,Ethernet44,800000,,
sc02-7060xe7-64prs-fan-j05-u07,Ethernet440,sc02-7060xe7-64prs-j05-u09,Ethernet440,800000,,
sc02-7060xe7-64prs-fan-j05-u07,Ethernet444,sc02-7060xe7-64prs-j05-u09,Ethernet444,800000,,
sc02-7060xe7-64prs-fan-j05-u07,Ethernet448,sc02-7060xe7-64prs-j05-u09,Ethernet448,800000,,
sc02-7060xe7-64prs-fan-j05-u07,Ethernet452,sc02-7060xe7-64prs-j05-u09,Ethernet452,800000,,
sc02-7060xe7-64prs-fan-j05-u07,Ethernet456,sc02-7060xe7-64prs-j05-u09,Ethernet456,800000,,
sc02-7060xe7-64prs-fan-j05-u07,Ethernet460,sc02-7060xe7-64prs-j05-u09,Ethernet460,800000,,
sc02-7060xe7-64prs-fan-j05-u07,Ethernet464,sc02-7060xe7-64prs-j05-u09,Ethernet464,800000,,
sc02-7060xe7-64prs-fan-j05-u07,Ethernet468,sc02-7060xe7-64prs-j05-u09,Ethernet468,800000,,
sc02-7060xe7-64prs-fan-j05-u07,Ethernet472,sc02-7060xe7-64prs-j05-u09,Ethernet472,800000,,
sc02-7060xe7-64prs-fan-j05-u07,Ethernet476,sc02-7060xe7-64prs-j05-u09,Ethernet476,800000,,
sc02-7060xe7-64prs-fan-j05-u07,Ethernet48,sc02-7060xe7-64prs-j05-u09,Ethernet48,800000,,
sc02-7060xe7-64prs-fan-j05-u07,Ethernet480,sc02-7060xe7-64prs-j05-u09,Ethernet480,800000,,
sc02-7060xe7-64prs-fan-j05-u07,Ethernet484,sc02-7060xe7-64prs-j05-u09,Ethernet484,800000,,
sc02-7060xe7-64prs-fan-j05-u07,Ethernet488,sc02-7060xe7-64prs-j05-u09,Ethernet488,800000,,
sc02-7060xe7-64prs-fan-j05-u07,Ethernet492,sc02-7060xe7-64prs-j05-u09,Ethernet492,800000,,
sc02-7060xe7-64prs-fan-j05-u07,Ethernet496,sc02-7060xe7-64prs-j05-u09,Ethernet496,800000,,
sc02-7060xe7-64prs-fan-j05-u07,Ethernet500,sc02-7060xe7-64prs-j05-u09,Ethernet500,800000,,
sc02-7060xe7-64prs-fan-j05-u07,Ethernet504,sc02-7060xe7-64prs-j05-u09,Ethernet504,800000,,
sc02-7060xe7-64prs-fan-j05-u07,Ethernet508,sc02-7060xe7-64prs-j05-u09,Ethernet508,800000,,
sc02-7060xe7-64prs-fan-j05-u07,Ethernet52,sc02-7060xe7-64prs-j05-u09,Ethernet52,800000,,
sc02-7060xe7-64prs-fan-j05-u07,Ethernet56,sc02-7060xe7-64prs-j05-u09,Ethernet56,800000,,
sc02-7060xe7-64prs-fan-j05-u07,Ethernet60,sc02-7060xe7-64prs-j05-u09,Ethernet60,800000,,
sc02-7060xe7-64prs-fan-j05-u07,Ethernet64,sc02-7060xe7-64prs-j05-u09,Ethernet64,800000,,
sc02-7060xe7-64prs-fan-j05-u07,Ethernet68,sc02-7060xe7-64prs-j05-u09,Ethernet68,800000,,
sc02-7060xe7-64prs-fan-j05-u07,Ethernet72,sc02-7060xe7-64prs-j05-u09,Ethernet72,800000,,
sc02-7060xe7-64prs-fan-j05-u07,Ethernet76,sc02-7060xe7-64prs-j05-u09,Ethernet76,800000,,
sc02-7060xe7-64prs-fan-j05-u07,Ethernet8,sc02-7060xe7-64prs-j05-u09,Ethernet8,800000,,
sc02-7060xe7-64prs-fan-j05-u07,Ethernet80,sc02-7060xe7-64prs-j05-u09,Ethernet80,800000,,
sc02-7060xe7-64prs-fan-j05-u07,Ethernet84,sc02-7060xe7-64prs-j05-u09,Ethernet84,800000,,
sc02-7060xe7-64prs-fan-j05-u07,Ethernet88,sc02-7060xe7-64prs-j05-u09,Ethernet88,800000,,
sc02-7060xe7-64prs-fan-j05-u07,Ethernet92,sc02-7060xe7-64prs-j05-u09,Ethernet92,800000,,
sc02-7060xe7-64prs-fan-j05-u07,Ethernet96,sc02-7060xe7-64prs-j05-u09,Ethernet96,800000,,
sc02-7060xe7-64prs-fan-j05-u11,Ethernet512,sc02-7050cx3-root-k06-u27,Ethernet20,25000,,
sc02-7060xe7-64prs-fan-j05-u11,Ethernet0,sc02-7060xe7-64prs-j05-u13,Ethernet0,800000,,
sc02-7060xe7-64prs-fan-j05-u11,Ethernet100,sc02-7060xe7-64prs-j05-u13,Ethernet100,800000,,
sc02-7060xe7-64prs-fan-j05-u11,Ethernet104,sc02-7060xe7-64prs-j05-u13,Ethernet104,800000,,
sc02-7060xe7-64prs-fan-j05-u11,Ethernet108,sc02-7060xe7-64prs-j05-u13,Ethernet108,800000,,
sc02-7060xe7-64prs-fan-j05-u11,Ethernet112,sc02-7060xe7-64prs-j05-u13,Ethernet112,800000,,
sc02-7060xe7-64prs-fan-j05-u11,Ethernet116,sc02-7060xe7-64prs-j05-u13,Ethernet116,800000,,
sc02-7060xe7-64prs-fan-j05-u11,Ethernet12,sc02-7060xe7-64prs-j05-u13,Ethernet12,800000,,
sc02-7060xe7-64prs-fan-j05-u11,Ethernet120,sc02-7060xe7-64prs-j05-u13,Ethernet120,800000,,
sc02-7060xe7-64prs-fan-j05-u11,Ethernet124,sc02-7060xe7-64prs-j05-u13,Ethernet124,800000,,
sc02-7060xe7-64prs-fan-j05-u11,Ethernet128,sc02-7060xe7-64prs-j05-u13,Ethernet128,800000,,
sc02-7060xe7-64prs-fan-j05-u11,Ethernet132,sc02-7060xe7-64prs-j05-u13,Ethernet132,800000,,
sc02-7060xe7-64prs-fan-j05-u11,Ethernet136,sc02-7060xe7-64prs-j05-u13,Ethernet136,800000,,
sc02-7060xe7-64prs-fan-j05-u11,Ethernet140,sc02-7060xe7-64prs-j05-u13,Ethernet140,800000,,
sc02-7060xe7-64prs-fan-j05-u11,Ethernet144,sc02-7060xe7-64prs-j05-u13,Ethernet144,800000,,
sc02-7060xe7-64prs-fan-j05-u11,Ethernet148,sc02-7060xe7-64prs-j05-u13,Ethernet148,800000,,
sc02-7060xe7-64prs-fan-j05-u11,Ethernet152,sc02-7060xe7-64prs-j05-u13,Ethernet152,800000,,
sc02-7060xe7-64prs-fan-j05-u11,Ethernet156,sc02-7060xe7-64prs-j05-u13,Ethernet156,800000,,
sc02-7060xe7-64prs-fan-j05-u11,Ethernet16,sc02-7060xe7-64prs-j05-u13,Ethernet16,800000,,
sc02-7060xe7-64prs-fan-j05-u11,Ethernet160,sc02-7060xe7-64prs-j05-u13,Ethernet160,800000,,
sc02-7060xe7-64prs-fan-j05-u11,Ethernet164,sc02-7060xe7-64prs-j05-u13,Ethernet164,800000,,
sc02-7060xe7-64prs-fan-j05-u11,Ethernet168,sc02-7060xe7-64prs-j05-u13,Ethernet168,800000,,
sc02-7060xe7-64prs-fan-j05-u11,Ethernet172,sc02-7060xe7-64prs-j05-u13,Ethernet172,800000,,
sc02-7060xe7-64prs-fan-j05-u11,Ethernet176,sc02-7060xe7-64prs-j05-u13,Ethernet176,800000,,
sc02-7060xe7-64prs-fan-j05-u11,Ethernet180,sc02-7060xe7-64prs-j05-u13,Ethernet180,800000,,
sc02-7060xe7-64prs-fan-j05-u11,Ethernet184,sc02-7060xe7-64prs-j05-u13,Ethernet184,800000,,
sc02-7060xe7-64prs-fan-j05-u11,Ethernet188,sc02-7060xe7-64prs-j05-u13,Ethernet188,800000,,
sc02-7060xe7-64prs-fan-j05-u11,Ethernet192,sc02-7060xe7-64prs-j05-u13,Ethernet192,800000,,
sc02-7060xe7-64prs-fan-j05-u11,Ethernet196,sc02-7060xe7-64prs-j05-u13,Ethernet196,800000,,
sc02-7060xe7-64prs-fan-j05-u11,Ethernet20,sc02-7060xe7-64prs-j05-u13,Ethernet20,800000,,
sc02-7060xe7-64prs-fan-j05-u11,Ethernet200,sc02-7060xe7-64prs-j05-u13,Ethernet200,800000,,
sc02-7060xe7-64prs-fan-j05-u11,Ethernet204,sc02-7060xe7-64prs-j05-u13,Ethernet204,800000,,
sc02-7060xe7-64prs-fan-j05-u11,Ethernet208,sc02-7060xe7-64prs-j05-u13,Ethernet208,800000,,
sc02-7060xe7-64prs-fan-j05-u11,Ethernet212,sc02-7060xe7-64prs-j05-u13,Ethernet212,800000,,
sc02-7060xe7-64prs-fan-j05-u11,Ethernet216,sc02-7060xe7-64prs-j05-u13,Ethernet216,800000,,
sc02-7060xe7-64prs-fan-j05-u11,Ethernet220,sc02-7060xe7-64prs-j05-u13,Ethernet220,800000,,
sc02-7060xe7-64prs-fan-j05-u11,Ethernet224,sc02-7060xe7-64prs-j05-u13,Ethernet224,800000,,
sc02-7060xe7-64prs-fan-j05-u11,Ethernet228,sc02-7060xe7-64prs-j05-u13,Ethernet228,800000,,
sc02-7060xe7-64prs-fan-j05-u11,Ethernet232,sc02-7060xe7-64prs-j05-u13,Ethernet232,800000,,
sc02-7060xe7-64prs-fan-j05-u11,Ethernet236,sc02-7060xe7-64prs-j05-u13,Ethernet236,800000,,
sc02-7060xe7-64prs-fan-j05-u11,Ethernet24,sc02-7060xe7-64prs-j05-u13,Ethernet24,800000,,
sc02-7060xe7-64prs-fan-j05-u11,Ethernet240,sc02-7060xe7-64prs-j05-u13,Ethernet240,800000,,
sc02-7060xe7-64prs-fan-j05-u11,Ethernet244,sc02-7060xe7-64prs-j05-u13,Ethernet244,800000,,
sc02-7060xe7-64prs-fan-j05-u11,Ethernet248,sc02-7060xe7-64prs-j05-u13,Ethernet248,800000,,
sc02-7060xe7-64prs-fan-j05-u11,Ethernet252,sc02-7060xe7-64prs-j05-u13,Ethernet252,800000,,
sc02-7060xe7-64prs-fan-j05-u11,Ethernet256,sc02-7060xe7-64prs-j05-u13,Ethernet256,800000,,
sc02-7060xe7-64prs-fan-j05-u11,Ethernet260,sc02-7060xe7-64prs-j05-u13,Ethernet260,800000,,
sc02-7060xe7-64prs-fan-j05-u11,Ethernet264,sc02-7060xe7-64prs-j05-u13,Ethernet264,800000,,
sc02-7060xe7-64prs-fan-j05-u11,Ethernet268,sc02-7060xe7-64prs-j05-u13,Ethernet268,800000,,
sc02-7060xe7-64prs-fan-j05-u11,Ethernet272,sc02-7060xe7-64prs-j05-u13,Ethernet272,800000,,
sc02-7060xe7-64prs-fan-j05-u11,Ethernet276,sc02-7060xe7-64prs-j05-u13,Ethernet276,800000,,
sc02-7060xe7-64prs-fan-j05-u11,Ethernet28,sc02-7060xe7-64prs-j05-u13,Ethernet28,800000,,
sc02-7060xe7-64prs-fan-j05-u11,Ethernet280,sc02-7060xe7-64prs-j05-u13,Ethernet280,800000,,
sc02-7060xe7-64prs-fan-j05-u11,Ethernet284,sc02-7060xe7-64prs-j05-u13,Ethernet284,800000,,
sc02-7060xe7-64prs-fan-j05-u11,Ethernet288,sc02-7060xe7-64prs-j05-u13,Ethernet288,800000,,
sc02-7060xe7-64prs-fan-j05-u11,Ethernet292,sc02-7060xe7-64prs-j05-u13,Ethernet292,800000,,
sc02-7060xe7-64prs-fan-j05-u11,Ethernet296,sc02-7060xe7-64prs-j05-u13,Ethernet296,800000,,
sc02-7060xe7-64prs-fan-j05-u11,Ethernet300,sc02-7060xe7-64prs-j05-u13,Ethernet300,800000,,
sc02-7060xe7-64prs-fan-j05-u11,Ethernet304,sc02-7060xe7-64prs-j05-u13,Ethernet304,800000,,
sc02-7060xe7-64prs-fan-j05-u11,Ethernet308,sc02-7060xe7-64prs-j05-u13,Ethernet308,800000,,
sc02-7060xe7-64prs-fan-j05-u11,Ethernet312,sc02-7060xe7-64prs-j05-u13,Ethernet312,800000,,
sc02-7060xe7-64prs-fan-j05-u11,Ethernet316,sc02-7060xe7-64prs-j05-u13,Ethernet316,800000,,
sc02-7060xe7-64prs-fan-j05-u11,Ethernet32,sc02-7060xe7-64prs-j05-u13,Ethernet32,800000,,
sc02-7060xe7-64prs-fan-j05-u11,Ethernet320,sc02-7060xe7-64prs-j05-u13,Ethernet320,800000,,
sc02-7060xe7-64prs-fan-j05-u11,Ethernet324,sc02-7060xe7-64prs-j05-u13,Ethernet324,800000,,
sc02-7060xe7-64prs-fan-j05-u11,Ethernet328,sc02-7060xe7-64prs-j05-u13,Ethernet328,800000,,
sc02-7060xe7-64prs-fan-j05-u11,Ethernet332,sc02-7060xe7-64prs-j05-u13,Ethernet332,800000,,
sc02-7060xe7-64prs-fan-j05-u11,Ethernet336,sc02-7060xe7-64prs-j05-u13,Ethernet336,800000,,
sc02-7060xe7-64prs-fan-j05-u11,Ethernet340,sc02-7060xe7-64prs-j05-u13,Ethernet340,800000,,
sc02-7060xe7-64prs-fan-j05-u11,Ethernet344,sc02-7060xe7-64prs-j05-u13,Ethernet344,800000,,
sc02-7060xe7-64prs-fan-j05-u11,Ethernet348,sc02-7060xe7-64prs-j05-u13,Ethernet348,800000,,
sc02-7060xe7-64prs-fan-j05-u11,Ethernet352,sc02-7060xe7-64prs-j05-u13,Ethernet352,800000,,
sc02-7060xe7-64prs-fan-j05-u11,Ethernet356,sc02-7060xe7-64prs-j05-u13,Ethernet356,800000,,
sc02-7060xe7-64prs-fan-j05-u11,Ethernet36,sc02-7060xe7-64prs-j05-u13,Ethernet36,800000,,
sc02-7060xe7-64prs-fan-j05-u11,Ethernet360,sc02-7060xe7-64prs-j05-u13,Ethernet360,800000,,
sc02-7060xe7-64prs-fan-j05-u11,Ethernet364,sc02-7060xe7-64prs-j05-u13,Ethernet364,800000,,
sc02-7060xe7-64prs-fan-j05-u11,Ethernet368,sc02-7060xe7-64prs-j05-u13,Ethernet368,800000,,
sc02-7060xe7-64prs-fan-j05-u11,Ethernet372,sc02-7060xe7-64prs-j05-u13,Ethernet372,800000,,
sc02-7060xe7-64prs-fan-j05-u11,Ethernet376,sc02-7060xe7-64prs-j05-u13,Ethernet376,800000,,
sc02-7060xe7-64prs-fan-j05-u11,Ethernet380,sc02-7060xe7-64prs-j05-u13,Ethernet380,800000,,
sc02-7060xe7-64prs-fan-j05-u11,Ethernet384,sc02-7060xe7-64prs-j05-u13,Ethernet384,800000,,
sc02-7060xe7-64prs-fan-j05-u11,Ethernet388,sc02-7060xe7-64prs-j05-u13,Ethernet388,800000,,
sc02-7060xe7-64prs-fan-j05-u11,Ethernet392,sc02-7060xe7-64prs-j05-u13,Ethernet392,800000,,
sc02-7060xe7-64prs-fan-j05-u11,Ethernet396,sc02-7060xe7-64prs-j05-u13,Ethernet396,800000,,
sc02-7060xe7-64prs-fan-j05-u11,Ethernet4,sc02-7060xe7-64prs-j05-u13,Ethernet4,800000,,
sc02-7060xe7-64prs-fan-j05-u11,Ethernet40,sc02-7060xe7-64prs-j05-u13,Ethernet40,800000,,
sc02-7060xe7-64prs-fan-j05-u11,Ethernet400,sc02-7060xe7-64prs-j05-u13,Ethernet400,800000,,
sc02-7060xe7-64prs-fan-j05-u11,Ethernet404,sc02-7060xe7-64prs-j05-u13,Ethernet404,800000,,
sc02-7060xe7-64prs-fan-j05-u11,Ethernet408,sc02-7060xe7-64prs-j05-u13,Ethernet408,800000,,
sc02-7060xe7-64prs-fan-j05-u11,Ethernet412,sc02-7060xe7-64prs-j05-u13,Ethernet412,800000,,
sc02-7060xe7-64prs-fan-j05-u11,Ethernet416,sc02-7060xe7-64prs-j05-u13,Ethernet416,800000,,
sc02-7060xe7-64prs-fan-j05-u11,Ethernet420,sc02-7060xe7-64prs-j05-u13,Ethernet420,800000,,
sc02-7060xe7-64prs-fan-j05-u11,Ethernet424,sc02-7060xe7-64prs-j05-u13,Ethernet424,800000,,
sc02-7060xe7-64prs-fan-j05-u11,Ethernet428,sc02-7060xe7-64prs-j05-u13,Ethernet428,800000,,
sc02-7060xe7-64prs-fan-j05-u11,Ethernet432,sc02-7060xe7-64prs-j05-u13,Ethernet432,800000,,
sc02-7060xe7-64prs-fan-j05-u11,Ethernet436,sc02-7060xe7-64prs-j05-u13,Ethernet436,800000,,
sc02-7060xe7-64prs-fan-j05-u11,Ethernet44,sc02-7060xe7-64prs-j05-u13,Ethernet44,800000,,
sc02-7060xe7-64prs-fan-j05-u11,Ethernet440,sc02-7060xe7-64prs-j05-u13,Ethernet440,800000,,
sc02-7060xe7-64prs-fan-j05-u11,Ethernet444,sc02-7060xe7-64prs-j05-u13,Ethernet444,800000,,
sc02-7060xe7-64prs-fan-j05-u11,Ethernet448,sc02-7060xe7-64prs-j05-u13,Ethernet448,800000,,
sc02-7060xe7-64prs-fan-j05-u11,Ethernet452,sc02-7060xe7-64prs-j05-u13,Ethernet452,800000,,
sc02-7060xe7-64prs-fan-j05-u11,Ethernet456,sc02-7060xe7-64prs-j05-u13,Ethernet456,800000,,
sc02-7060xe7-64prs-fan-j05-u11,Ethernet460,sc02-7060xe7-64prs-j05-u13,Ethernet460,800000,,
sc02-7060xe7-64prs-fan-j05-u11,Ethernet464,sc02-7060xe7-64prs-j05-u13,Ethernet464,800000,,
sc02-7060xe7-64prs-fan-j05-u11,Ethernet468,sc02-7060xe7-64prs-j05-u13,Ethernet468,800000,,
sc02-7060xe7-64prs-fan-j05-u11,Ethernet472,sc02-7060xe7-64prs-j05-u13,Ethernet472,800000,,
sc02-7060xe7-64prs-fan-j05-u11,Ethernet476,sc02-7060xe7-64prs-j05-u13,Ethernet476,800000,,
sc02-7060xe7-64prs-fan-j05-u11,Ethernet48,sc02-7060xe7-64prs-j05-u13,Ethernet48,800000,,
sc02-7060xe7-64prs-fan-j05-u11,Ethernet480,sc02-7060xe7-64prs-j05-u13,Ethernet480,800000,,
sc02-7060xe7-64prs-fan-j05-u11,Ethernet484,sc02-7060xe7-64prs-j05-u13,Ethernet484,800000,,
sc02-7060xe7-64prs-fan-j05-u11,Ethernet488,sc02-7060xe7-64prs-j05-u13,Ethernet488,800000,,
sc02-7060xe7-64prs-fan-j05-u11,Ethernet492,sc02-7060xe7-64prs-j05-u13,Ethernet492,800000,,
sc02-7060xe7-64prs-fan-j05-u11,Ethernet496,sc02-7060xe7-64prs-j05-u13,Ethernet496,800000,,
sc02-7060xe7-64prs-fan-j05-u11,Ethernet500,sc02-7060xe7-64prs-j05-u13,Ethernet500,800000,,
sc02-7060xe7-64prs-fan-j05-u11,Ethernet504,sc02-7060xe7-64prs-j05-u13,Ethernet504,800000,,
sc02-7060xe7-64prs-fan-j05-u11,Ethernet508,sc02-7060xe7-64prs-j05-u13,Ethernet508,800000,,
sc02-7060xe7-64prs-fan-j05-u11,Ethernet52,sc02-7060xe7-64prs-j05-u13,Ethernet52,800000,,
sc02-7060xe7-64prs-fan-j05-u11,Ethernet56,sc02-7060xe7-64prs-j05-u13,Ethernet56,800000,,
sc02-7060xe7-64prs-fan-j05-u11,Ethernet60,sc02-7060xe7-64prs-j05-u13,Ethernet60,800000,,
sc02-7060xe7-64prs-fan-j05-u11,Ethernet64,sc02-7060xe7-64prs-j05-u13,Ethernet64,800000,,
sc02-7060xe7-64prs-fan-j05-u11,Ethernet68,sc02-7060xe7-64prs-j05-u13,Ethernet68,800000,,
sc02-7060xe7-64prs-fan-j05-u11,Ethernet72,sc02-7060xe7-64prs-j05-u13,Ethernet72,800000,,
sc02-7060xe7-64prs-fan-j05-u11,Ethernet76,sc02-7060xe7-64prs-j05-u13,Ethernet76,800000,,
sc02-7060xe7-64prs-fan-j05-u11,Ethernet8,sc02-7060xe7-64prs-j05-u13,Ethernet8,800000,,
sc02-7060xe7-64prs-fan-j05-u11,Ethernet80,sc02-7060xe7-64prs-j05-u13,Ethernet80,800000,,
sc02-7060xe7-64prs-fan-j05-u11,Ethernet84,sc02-7060xe7-64prs-j05-u13,Ethernet84,800000,,
sc02-7060xe7-64prs-fan-j05-u11,Ethernet88,sc02-7060xe7-64prs-j05-u13,Ethernet88,800000,,
sc02-7060xe7-64prs-fan-j05-u11,Ethernet92,sc02-7060xe7-64prs-j05-u13,Ethernet92,800000,,
sc02-7060xe7-64prs-fan-j05-u11,Ethernet96,sc02-7060xe7-64prs-j05-u13,Ethernet96,800000,,
sc02-7060xe7-64prs-fan-j05-u15,Ethernet512,sc02-7050cx3-root-k06-u27,Ethernet16,25000,,
sc02-7060xe7-64prs-fan-j05-u15,Ethernet0,sc02-7060xe7-64prs-j05-u17,Ethernet0,400000,,
sc02-7060xe7-64prs-fan-j05-u15,Ethernet10,sc02-7060xe7-64prs-j05-u17,Ethernet10,400000,,
sc02-7060xe7-64prs-fan-j05-u15,Ethernet100,sc02-7060xe7-64prs-j05-u17,Ethernet100,800000,,
sc02-7060xe7-64prs-fan-j05-u15,Ethernet104,sc02-7060xe7-64prs-j05-u17,Ethernet104,400000,,
sc02-7060xe7-64prs-fan-j05-u15,Ethernet106,sc02-7060xe7-64prs-j05-u17,Ethernet106,400000,,
sc02-7060xe7-64prs-fan-j05-u15,Ethernet108,sc02-7060xe7-64prs-j05-u17,Ethernet108,800000,,
sc02-7060xe7-64prs-fan-j05-u15,Ethernet112,sc02-7060xe7-64prs-j05-u17,Ethernet112,400000,,
sc02-7060xe7-64prs-fan-j05-u15,Ethernet114,sc02-7060xe7-64prs-j05-u17,Ethernet114,400000,,
sc02-7060xe7-64prs-fan-j05-u15,Ethernet116,sc02-7060xe7-64prs-j05-u17,Ethernet116,800000,,
sc02-7060xe7-64prs-fan-j05-u15,Ethernet12,sc02-7060xe7-64prs-j05-u17,Ethernet12,800000,,
sc02-7060xe7-64prs-fan-j05-u15,Ethernet120,sc02-7060xe7-64prs-j05-u17,Ethernet120,400000,,
sc02-7060xe7-64prs-fan-j05-u15,Ethernet122,sc02-7060xe7-64prs-j05-u17,Ethernet122,400000,,
sc02-7060xe7-64prs-fan-j05-u15,Ethernet124,sc02-7060xe7-64prs-j05-u17,Ethernet124,800000,,
sc02-7060xe7-64prs-fan-j05-u15,Ethernet128,sc02-7060xe7-64prs-j05-u17,Ethernet128,400000,,
sc02-7060xe7-64prs-fan-j05-u15,Ethernet130,sc02-7060xe7-64prs-j05-u17,Ethernet130,400000,,
sc02-7060xe7-64prs-fan-j05-u15,Ethernet132,sc02-7060xe7-64prs-j05-u17,Ethernet132,800000,,
sc02-7060xe7-64prs-fan-j05-u15,Ethernet136,sc02-7060xe7-64prs-j05-u17,Ethernet136,400000,,
sc02-7060xe7-64prs-fan-j05-u15,Ethernet138,sc02-7060xe7-64prs-j05-u17,Ethernet138,400000,,
sc02-7060xe7-64prs-fan-j05-u15,Ethernet140,sc02-7060xe7-64prs-j05-u17,Ethernet140,800000,,
sc02-7060xe7-64prs-fan-j05-u15,Ethernet144,sc02-7060xe7-64prs-j05-u17,Ethernet144,400000,,
sc02-7060xe7-64prs-fan-j05-u15,Ethernet146,sc02-7060xe7-64prs-j05-u17,Ethernet146,400000,,
sc02-7060xe7-64prs-fan-j05-u15,Ethernet148,sc02-7060xe7-64prs-j05-u17,Ethernet148,800000,,
sc02-7060xe7-64prs-fan-j05-u15,Ethernet152,sc02-7060xe7-64prs-j05-u17,Ethernet152,400000,,
sc02-7060xe7-64prs-fan-j05-u15,Ethernet154,sc02-7060xe7-64prs-j05-u17,Ethernet154,400000,,
sc02-7060xe7-64prs-fan-j05-u15,Ethernet156,sc02-7060xe7-64prs-j05-u17,Ethernet156,800000,,
sc02-7060xe7-64prs-fan-j05-u15,Ethernet16,sc02-7060xe7-64prs-j05-u17,Ethernet16,400000,,
sc02-7060xe7-64prs-fan-j05-u15,Ethernet160,sc02-7060xe7-64prs-j05-u17,Ethernet160,400000,,
sc02-7060xe7-64prs-fan-j05-u15,Ethernet162,sc02-7060xe7-64prs-j05-u17,Ethernet162,400000,,
sc02-7060xe7-64prs-fan-j05-u15,Ethernet164,sc02-7060xe7-64prs-j05-u17,Ethernet164,800000,,
sc02-7060xe7-64prs-fan-j05-u15,Ethernet168,sc02-7060xe7-64prs-j05-u17,Ethernet168,400000,,
sc02-7060xe7-64prs-fan-j05-u15,Ethernet170,sc02-7060xe7-64prs-j05-u17,Ethernet170,400000,,
sc02-7060xe7-64prs-fan-j05-u15,Ethernet172,sc02-7060xe7-64prs-j05-u17,Ethernet172,800000,,
sc02-7060xe7-64prs-fan-j05-u15,Ethernet176,sc02-7060xe7-64prs-j05-u17,Ethernet176,400000,,
sc02-7060xe7-64prs-fan-j05-u15,Ethernet178,sc02-7060xe7-64prs-j05-u17,Ethernet178,400000,,
sc02-7060xe7-64prs-fan-j05-u15,Ethernet18,sc02-7060xe7-64prs-j05-u17,Ethernet18,400000,,
sc02-7060xe7-64prs-fan-j05-u15,Ethernet180,sc02-7060xe7-64prs-j05-u17,Ethernet180,800000,,
sc02-7060xe7-64prs-fan-j05-u15,Ethernet184,sc02-7060xe7-64prs-j05-u17,Ethernet184,400000,,
sc02-7060xe7-64prs-fan-j05-u15,Ethernet186,sc02-7060xe7-64prs-j05-u17,Ethernet186,400000,,
sc02-7060xe7-64prs-fan-j05-u15,Ethernet188,sc02-7060xe7-64prs-j05-u17,Ethernet188,800000,,
sc02-7060xe7-64prs-fan-j05-u15,Ethernet192,sc02-7060xe7-64prs-j05-u17,Ethernet192,400000,,
sc02-7060xe7-64prs-fan-j05-u15,Ethernet194,sc02-7060xe7-64prs-j05-u17,Ethernet194,400000,,
sc02-7060xe7-64prs-fan-j05-u15,Ethernet196,sc02-7060xe7-64prs-j05-u17,Ethernet196,800000,,
sc02-7060xe7-64prs-fan-j05-u15,Ethernet2,sc02-7060xe7-64prs-j05-u17,Ethernet2,400000,,
sc02-7060xe7-64prs-fan-j05-u15,Ethernet20,sc02-7060xe7-64prs-j05-u17,Ethernet20,800000,,
sc02-7060xe7-64prs-fan-j05-u15,Ethernet200,sc02-7060xe7-64prs-j05-u17,Ethernet200,400000,,
sc02-7060xe7-64prs-fan-j05-u15,Ethernet202,sc02-7060xe7-64prs-j05-u17,Ethernet202,400000,,
sc02-7060xe7-64prs-fan-j05-u15,Ethernet204,sc02-7060xe7-64prs-j05-u17,Ethernet204,800000,,
sc02-7060xe7-64prs-fan-j05-u15,Ethernet208,sc02-7060xe7-64prs-j05-u17,Ethernet208,400000,,
sc02-7060xe7-64prs-fan-j05-u15,Ethernet210,sc02-7060xe7-64prs-j05-u17,Ethernet210,400000,,
sc02-7060xe7-64prs-fan-j05-u15,Ethernet212,sc02-7060xe7-64prs-j05-u17,Ethernet212,800000,,
sc02-7060xe7-64prs-fan-j05-u15,Ethernet216,sc02-7060xe7-64prs-j05-u17,Ethernet216,400000,,
sc02-7060xe7-64prs-fan-j05-u15,Ethernet218,sc02-7060xe7-64prs-j05-u17,Ethernet218,400000,,
sc02-7060xe7-64prs-fan-j05-u15,Ethernet220,sc02-7060xe7-64prs-j05-u17,Ethernet220,800000,,
sc02-7060xe7-64prs-fan-j05-u15,Ethernet224,sc02-7060xe7-64prs-j05-u17,Ethernet224,400000,,
sc02-7060xe7-64prs-fan-j05-u15,Ethernet226,sc02-7060xe7-64prs-j05-u17,Ethernet226,400000,,
sc02-7060xe7-64prs-fan-j05-u15,Ethernet228,sc02-7060xe7-64prs-j05-u17,Ethernet228,800000,,
sc02-7060xe7-64prs-fan-j05-u15,Ethernet232,sc02-7060xe7-64prs-j05-u17,Ethernet232,400000,,
sc02-7060xe7-64prs-fan-j05-u15,Ethernet234,sc02-7060xe7-64prs-j05-u17,Ethernet234,400000,,
sc02-7060xe7-64prs-fan-j05-u15,Ethernet236,sc02-7060xe7-64prs-j05-u17,Ethernet236,800000,,
sc02-7060xe7-64prs-fan-j05-u15,Ethernet24,sc02-7060xe7-64prs-j05-u17,Ethernet24,400000,,
sc02-7060xe7-64prs-fan-j05-u15,Ethernet240,sc02-7060xe7-64prs-j05-u17,Ethernet240,400000,,
sc02-7060xe7-64prs-fan-j05-u15,Ethernet242,sc02-7060xe7-64prs-j05-u17,Ethernet242,400000,,
sc02-7060xe7-64prs-fan-j05-u15,Ethernet244,sc02-7060xe7-64prs-j05-u17,Ethernet244,800000,,
sc02-7060xe7-64prs-fan-j05-u15,Ethernet248,sc02-7060xe7-64prs-j05-u17,Ethernet248,400000,,
sc02-7060xe7-64prs-fan-j05-u15,Ethernet250,sc02-7060xe7-64prs-j05-u17,Ethernet250,400000,,
sc02-7060xe7-64prs-fan-j05-u15,Ethernet252,sc02-7060xe7-64prs-j05-u17,Ethernet252,800000,,
sc02-7060xe7-64prs-fan-j05-u15,Ethernet256,sc02-7060xe7-64prs-j05-u17,Ethernet256,400000,,
sc02-7060xe7-64prs-fan-j05-u15,Ethernet258,sc02-7060xe7-64prs-j05-u17,Ethernet258,400000,,
sc02-7060xe7-64prs-fan-j05-u15,Ethernet26,sc02-7060xe7-64prs-j05-u17,Ethernet26,400000,,
sc02-7060xe7-64prs-fan-j05-u15,Ethernet260,sc02-7060xe7-64prs-j05-u17,Ethernet260,800000,,
sc02-7060xe7-64prs-fan-j05-u15,Ethernet264,sc02-7060xe7-64prs-j05-u17,Ethernet264,400000,,
sc02-7060xe7-64prs-fan-j05-u15,Ethernet266,sc02-7060xe7-64prs-j05-u17,Ethernet266,400000,,
sc02-7060xe7-64prs-fan-j05-u15,Ethernet268,sc02-7060xe7-64prs-j05-u17,Ethernet268,800000,,
sc02-7060xe7-64prs-fan-j05-u15,Ethernet272,sc02-7060xe7-64prs-j05-u17,Ethernet272,400000,,
sc02-7060xe7-64prs-fan-j05-u15,Ethernet274,sc02-7060xe7-64prs-j05-u17,Ethernet274,400000,,
sc02-7060xe7-64prs-fan-j05-u15,Ethernet276,sc02-7060xe7-64prs-j05-u17,Ethernet276,800000,,
sc02-7060xe7-64prs-fan-j05-u15,Ethernet28,sc02-7060xe7-64prs-j05-u17,Ethernet28,800000,,
sc02-7060xe7-64prs-fan-j05-u15,Ethernet280,sc02-7060xe7-64prs-j05-u17,Ethernet280,400000,,
sc02-7060xe7-64prs-fan-j05-u15,Ethernet282,sc02-7060xe7-64prs-j05-u17,Ethernet282,400000,,
sc02-7060xe7-64prs-fan-j05-u15,Ethernet284,sc02-7060xe7-64prs-j05-u17,Ethernet284,800000,,
sc02-7060xe7-64prs-fan-j05-u15,Ethernet288,sc02-7060xe7-64prs-j05-u17,Ethernet288,400000,,
sc02-7060xe7-64prs-fan-j05-u15,Ethernet290,sc02-7060xe7-64prs-j05-u17,Ethernet290,400000,,
sc02-7060xe7-64prs-fan-j05-u15,Ethernet292,sc02-7060xe7-64prs-j05-u17,Ethernet292,800000,,
sc02-7060xe7-64prs-fan-j05-u15,Ethernet296,sc02-7060xe7-64prs-j05-u17,Ethernet296,400000,,
sc02-7060xe7-64prs-fan-j05-u15,Ethernet298,sc02-7060xe7-64prs-j05-u17,Ethernet298,400000,,
sc02-7060xe7-64prs-fan-j05-u15,Ethernet300,sc02-7060xe7-64prs-j05-u17,Ethernet300,800000,,
sc02-7060xe7-64prs-fan-j05-u15,Ethernet304,sc02-7060xe7-64prs-j05-u17,Ethernet304,400000,,
sc02-7060xe7-64prs-fan-j05-u15,Ethernet306,sc02-7060xe7-64prs-j05-u17,Ethernet306,400000,,
sc02-7060xe7-64prs-fan-j05-u15,Ethernet308,sc02-7060xe7-64prs-j05-u17,Ethernet308,800000,,
sc02-7060xe7-64prs-fan-j05-u15,Ethernet312,sc02-7060xe7-64prs-j05-u17,Ethernet312,400000,,
sc02-7060xe7-64prs-fan-j05-u15,Ethernet314,sc02-7060xe7-64prs-j05-u17,Ethernet314,400000,,
sc02-7060xe7-64prs-fan-j05-u15,Ethernet316,sc02-7060xe7-64prs-j05-u17,Ethernet316,800000,,
sc02-7060xe7-64prs-fan-j05-u15,Ethernet32,sc02-7060xe7-64prs-j05-u17,Ethernet32,400000,,
sc02-7060xe7-64prs-fan-j05-u15,Ethernet320,sc02-7060xe7-64prs-j05-u17,Ethernet320,400000,,
sc02-7060xe7-64prs-fan-j05-u15,Ethernet322,sc02-7060xe7-64prs-j05-u17,Ethernet322,400000,,
sc02-7060xe7-64prs-fan-j05-u15,Ethernet324,sc02-7060xe7-64prs-j05-u17,Ethernet324,800000,,
sc02-7060xe7-64prs-fan-j05-u15,Ethernet328,sc02-7060xe7-64prs-j05-u17,Ethernet328,400000,,
sc02-7060xe7-64prs-fan-j05-u15,Ethernet330,sc02-7060xe7-64prs-j05-u17,Ethernet330,400000,,
sc02-7060xe7-64prs-fan-j05-u15,Ethernet332,sc02-7060xe7-64prs-j05-u17,Ethernet332,800000,,
sc02-7060xe7-64prs-fan-j05-u15,Ethernet336,sc02-7060xe7-64prs-j05-u17,Ethernet336,400000,,
sc02-7060xe7-64prs-fan-j05-u15,Ethernet338,sc02-7060xe7-64prs-j05-u17,Ethernet338,400000,,
sc02-7060xe7-64prs-fan-j05-u15,Ethernet34,sc02-7060xe7-64prs-j05-u17,Ethernet34,400000,,
sc02-7060xe7-64prs-fan-j05-u15,Ethernet340,sc02-7060xe7-64prs-j05-u17,Ethernet340,800000,,
sc02-7060xe7-64prs-fan-j05-u15,Ethernet344,sc02-7060xe7-64prs-j05-u17,Ethernet344,400000,,
sc02-7060xe7-64prs-fan-j05-u15,Ethernet346,sc02-7060xe7-64prs-j05-u17,Ethernet346,400000,,
sc02-7060xe7-64prs-fan-j05-u15,Ethernet348,sc02-7060xe7-64prs-j05-u17,Ethernet348,800000,,
sc02-7060xe7-64prs-fan-j05-u15,Ethernet352,sc02-7060xe7-64prs-j05-u17,Ethernet352,400000,,
sc02-7060xe7-64prs-fan-j05-u15,Ethernet354,sc02-7060xe7-64prs-j05-u17,Ethernet354,400000,,
sc02-7060xe7-64prs-fan-j05-u15,Ethernet356,sc02-7060xe7-64prs-j05-u17,Ethernet356,800000,,
sc02-7060xe7-64prs-fan-j05-u15,Ethernet36,sc02-7060xe7-64prs-j05-u17,Ethernet36,800000,,
sc02-7060xe7-64prs-fan-j05-u15,Ethernet360,sc02-7060xe7-64prs-j05-u17,Ethernet360,400000,,
sc02-7060xe7-64prs-fan-j05-u15,Ethernet362,sc02-7060xe7-64prs-j05-u17,Ethernet362,400000,,
sc02-7060xe7-64prs-fan-j05-u15,Ethernet364,sc02-7060xe7-64prs-j05-u17,Ethernet364,800000,,
sc02-7060xe7-64prs-fan-j05-u15,Ethernet368,sc02-7060xe7-64prs-j05-u17,Ethernet368,400000,,
sc02-7060xe7-64prs-fan-j05-u15,Ethernet370,sc02-7060xe7-64prs-j05-u17,Ethernet370,400000,,
sc02-7060xe7-64prs-fan-j05-u15,Ethernet372,sc02-7060xe7-64prs-j05-u17,Ethernet372,800000,,
sc02-7060xe7-64prs-fan-j05-u15,Ethernet376,sc02-7060xe7-64prs-j05-u17,Ethernet376,400000,,
sc02-7060xe7-64prs-fan-j05-u15,Ethernet378,sc02-7060xe7-64prs-j05-u17,Ethernet378,400000,,
sc02-7060xe7-64prs-fan-j05-u15,Ethernet380,sc02-7060xe7-64prs-j05-u17,Ethernet380,800000,,
sc02-7060xe7-64prs-fan-j05-u15,Ethernet384,sc02-7060xe7-64prs-j05-u17,Ethernet384,400000,,
sc02-7060xe7-64prs-fan-j05-u15,Ethernet386,sc02-7060xe7-64prs-j05-u17,Ethernet386,400000,,
sc02-7060xe7-64prs-fan-j05-u15,Ethernet388,sc02-7060xe7-64prs-j05-u17,Ethernet388,800000,,
sc02-7060xe7-64prs-fan-j05-u15,Ethernet392,sc02-7060xe7-64prs-j05-u17,Ethernet392,400000,,
sc02-7060xe7-64prs-fan-j05-u15,Ethernet394,sc02-7060xe7-64prs-j05-u17,Ethernet394,400000,,
sc02-7060xe7-64prs-fan-j05-u15,Ethernet396,sc02-7060xe7-64prs-j05-u17,Ethernet396,800000,,
sc02-7060xe7-64prs-fan-j05-u15,Ethernet4,sc02-7060xe7-64prs-j05-u17,Ethernet4,800000,,
sc02-7060xe7-64prs-fan-j05-u15,Ethernet40,sc02-7060xe7-64prs-j05-u17,Ethernet40,400000,,
sc02-7060xe7-64prs-fan-j05-u15,Ethernet400,sc02-7060xe7-64prs-j05-u17,Ethernet400,400000,,
sc02-7060xe7-64prs-fan-j05-u15,Ethernet402,sc02-7060xe7-64prs-j05-u17,Ethernet402,400000,,
sc02-7060xe7-64prs-fan-j05-u15,Ethernet404,sc02-7060xe7-64prs-j05-u17,Ethernet404,800000,,
sc02-7060xe7-64prs-fan-j05-u15,Ethernet408,sc02-7060xe7-64prs-j05-u17,Ethernet408,400000,,
sc02-7060xe7-64prs-fan-j05-u15,Ethernet410,sc02-7060xe7-64prs-j05-u17,Ethernet410,400000,,
sc02-7060xe7-64prs-fan-j05-u15,Ethernet412,sc02-7060xe7-64prs-j05-u17,Ethernet412,800000,,
sc02-7060xe7-64prs-fan-j05-u15,Ethernet416,sc02-7060xe7-64prs-j05-u17,Ethernet416,400000,,
sc02-7060xe7-64prs-fan-j05-u15,Ethernet418,sc02-7060xe7-64prs-j05-u17,Ethernet418,400000,,
sc02-7060xe7-64prs-fan-j05-u15,Ethernet42,sc02-7060xe7-64prs-j05-u17,Ethernet42,400000,,
sc02-7060xe7-64prs-fan-j05-u15,Ethernet420,sc02-7060xe7-64prs-j05-u17,Ethernet420,800000,,
sc02-7060xe7-64prs-fan-j05-u15,Ethernet424,sc02-7060xe7-64prs-j05-u17,Ethernet424,400000,,
sc02-7060xe7-64prs-fan-j05-u15,Ethernet426,sc02-7060xe7-64prs-j05-u17,Ethernet426,400000,,
sc02-7060xe7-64prs-fan-j05-u15,Ethernet428,sc02-7060xe7-64prs-j05-u17,Ethernet428,800000,,
sc02-7060xe7-64prs-fan-j05-u15,Ethernet432,sc02-7060xe7-64prs-j05-u17,Ethernet432,400000,,
sc02-7060xe7-64prs-fan-j05-u15,Ethernet434,sc02-7060xe7-64prs-j05-u17,Ethernet434,400000,,
sc02-7060xe7-64prs-fan-j05-u15,Ethernet436,sc02-7060xe7-64prs-j05-u17,Ethernet436,800000,,
sc02-7060xe7-64prs-fan-j05-u15,Ethernet44,sc02-7060xe7-64prs-j05-u17,Ethernet44,800000,,
sc02-7060xe7-64prs-fan-j05-u15,Ethernet440,sc02-7060xe7-64prs-j05-u17,Ethernet440,400000,,
sc02-7060xe7-64prs-fan-j05-u15,Ethernet442,sc02-7060xe7-64prs-j05-u17,Ethernet442,400000,,
sc02-7060xe7-64prs-fan-j05-u15,Ethernet444,sc02-7060xe7-64prs-j05-u17,Ethernet444,800000,,
sc02-7060xe7-64prs-fan-j05-u15,Ethernet448,sc02-7060xe7-64prs-j05-u17,Ethernet448,400000,,
sc02-7060xe7-64prs-fan-j05-u15,Ethernet450,sc02-7060xe7-64prs-j05-u17,Ethernet450,400000,,
sc02-7060xe7-64prs-fan-j05-u15,Ethernet452,sc02-7060xe7-64prs-j05-u17,Ethernet452,800000,,
sc02-7060xe7-64prs-fan-j05-u15,Ethernet456,sc02-7060xe7-64prs-j05-u17,Ethernet456,400000,,
sc02-7060xe7-64prs-fan-j05-u15,Ethernet458,sc02-7060xe7-64prs-j05-u17,Ethernet458,400000,,
sc02-7060xe7-64prs-fan-j05-u15,Ethernet460,sc02-7060xe7-64prs-j05-u17,Ethernet460,800000,,
sc02-7060xe7-64prs-fan-j05-u15,Ethernet464,sc02-7060xe7-64prs-j05-u17,Ethernet464,400000,,
sc02-7060xe7-64prs-fan-j05-u15,Ethernet466,sc02-7060xe7-64prs-j05-u17,Ethernet466,400000,,
sc02-7060xe7-64prs-fan-j05-u15,Ethernet468,sc02-7060xe7-64prs-j05-u17,Ethernet468,800000,,
sc02-7060xe7-64prs-fan-j05-u15,Ethernet472,sc02-7060xe7-64prs-j05-u17,Ethernet472,400000,,
sc02-7060xe7-64prs-fan-j05-u15,Ethernet474,sc02-7060xe7-64prs-j05-u17,Ethernet474,400000,,
sc02-7060xe7-64prs-fan-j05-u15,Ethernet476,sc02-7060xe7-64prs-j05-u17,Ethernet476,800000,,
sc02-7060xe7-64prs-fan-j05-u15,Ethernet48,sc02-7060xe7-64prs-j05-u17,Ethernet48,400000,,
sc02-7060xe7-64prs-fan-j05-u15,Ethernet480,sc02-7060xe7-64prs-j05-u17,Ethernet480,400000,,
sc02-7060xe7-64prs-fan-j05-u15,Ethernet482,sc02-7060xe7-64prs-j05-u17,Ethernet482,400000,,
sc02-7060xe7-64prs-fan-j05-u15,Ethernet484,sc02-7060xe7-64prs-j05-u17,Ethernet484,800000,,
sc02-7060xe7-64prs-fan-j05-u15,Ethernet488,sc02-7060xe7-64prs-j05-u17,Ethernet488,400000,,
sc02-7060xe7-64prs-fan-j05-u15,Ethernet490,sc02-7060xe7-64prs-j05-u17,Ethernet490,400000,,
sc02-7060xe7-64prs-fan-j05-u15,Ethernet492,sc02-7060xe7-64prs-j05-u17,Ethernet492,800000,,
sc02-7060xe7-64prs-fan-j05-u15,Ethernet496,sc02-7060xe7-64prs-j05-u17,Ethernet496,400000,,
sc02-7060xe7-64prs-fan-j05-u15,Ethernet498,sc02-7060xe7-64prs-j05-u17,Ethernet498,400000,,
sc02-7060xe7-64prs-fan-j05-u15,Ethernet50,sc02-7060xe7-64prs-j05-u17,Ethernet50,400000,,
sc02-7060xe7-64prs-fan-j05-u15,Ethernet500,sc02-7060xe7-64prs-j05-u17,Ethernet500,800000,,
sc02-7060xe7-64prs-fan-j05-u15,Ethernet504,sc02-7060xe7-64prs-j05-u17,Ethernet504,400000,,
sc02-7060xe7-64prs-fan-j05-u15,Ethernet506,sc02-7060xe7-64prs-j05-u17,Ethernet506,400000,,
sc02-7060xe7-64prs-fan-j05-u15,Ethernet508,sc02-7060xe7-64prs-j05-u17,Ethernet508,800000,,
sc02-7060xe7-64prs-fan-j05-u15,Ethernet52,sc02-7060xe7-64prs-j05-u17,Ethernet52,800000,,
sc02-7060xe7-64prs-fan-j05-u15,Ethernet56,sc02-7060xe7-64prs-j05-u17,Ethernet56,400000,,
sc02-7060xe7-64prs-fan-j05-u15,Ethernet58,sc02-7060xe7-64prs-j05-u17,Ethernet58,400000,,
sc02-7060xe7-64prs-fan-j05-u15,Ethernet60,sc02-7060xe7-64prs-j05-u17,Ethernet60,800000,,
sc02-7060xe7-64prs-fan-j05-u15,Ethernet64,sc02-7060xe7-64prs-j05-u17,Ethernet64,400000,,
sc02-7060xe7-64prs-fan-j05-u15,Ethernet66,sc02-7060xe7-64prs-j05-u17,Ethernet66,400000,,
sc02-7060xe7-64prs-fan-j05-u15,Ethernet68,sc02-7060xe7-64prs-j05-u17,Ethernet68,800000,,
sc02-7060xe7-64prs-fan-j05-u15,Ethernet72,sc02-7060xe7-64prs-j05-u17,Ethernet72,400000,,
sc02-7060xe7-64prs-fan-j05-u15,Ethernet74,sc02-7060xe7-64prs-j05-u17,Ethernet74,400000,,
sc02-7060xe7-64prs-fan-j05-u15,Ethernet76,sc02-7060xe7-64prs-j05-u17,Ethernet76,800000,,
sc02-7060xe7-64prs-fan-j05-u15,Ethernet8,sc02-7060xe7-64prs-j05-u17,Ethernet8,400000,,
sc02-7060xe7-64prs-fan-j05-u15,Ethernet80,sc02-7060xe7-64prs-j05-u17,Ethernet80,400000,,
sc02-7060xe7-64prs-fan-j05-u15,Ethernet82,sc02-7060xe7-64prs-j05-u17,Ethernet82,400000,,
sc02-7060xe7-64prs-fan-j05-u15,Ethernet84,sc02-7060xe7-64prs-j05-u17,Ethernet84,800000,,
sc02-7060xe7-64prs-fan-j05-u15,Ethernet88,sc02-7060xe7-64prs-j05-u17,Ethernet88,400000,,
sc02-7060xe7-64prs-fan-j05-u15,Ethernet90,sc02-7060xe7-64prs-j05-u17,Ethernet90,400000,,
sc02-7060xe7-64prs-fan-j05-u15,Ethernet92,sc02-7060xe7-64prs-j05-u17,Ethernet92,800000,,
sc02-7060xe7-64prs-fan-j05-u15,Ethernet96,sc02-7060xe7-64prs-j05-u17,Ethernet96,400000,,
sc02-7060xe7-64prs-fan-j05-u15,Ethernet98,sc02-7060xe7-64prs-j05-u17,Ethernet98,400000,,
sc02-7060xe7-64prs-fan-j05-u31,Ethernet512,sc02-7050cx3-root-k06-u27,Ethernet0,25000,,
sc02-7060xe7-64prs-fan-j05-u31,Ethernet0,sc02-7060xe7-64prs-j05-u33,Ethernet0,400000,,
sc02-7060xe7-64prs-fan-j05-u31,Ethernet10,sc02-7060xe7-64prs-j05-u33,Ethernet10,400000,,
sc02-7060xe7-64prs-fan-j05-u31,Ethernet100,sc02-7060xe7-64prs-j05-u33,Ethernet100,800000,,
sc02-7060xe7-64prs-fan-j05-u31,Ethernet104,sc02-7060xe7-64prs-j05-u33,Ethernet104,400000,,
sc02-7060xe7-64prs-fan-j05-u31,Ethernet106,sc02-7060xe7-64prs-j05-u33,Ethernet106,400000,,
sc02-7060xe7-64prs-fan-j05-u31,Ethernet108,sc02-7060xe7-64prs-j05-u33,Ethernet108,800000,,
sc02-7060xe7-64prs-fan-j05-u31,Ethernet112,sc02-7060xe7-64prs-j05-u33,Ethernet112,400000,,
sc02-7060xe7-64prs-fan-j05-u31,Ethernet114,sc02-7060xe7-64prs-j05-u33,Ethernet114,400000,,
sc02-7060xe7-64prs-fan-j05-u31,Ethernet116,sc02-7060xe7-64prs-j05-u33,Ethernet116,800000,,
sc02-7060xe7-64prs-fan-j05-u31,Ethernet12,sc02-7060xe7-64prs-j05-u33,Ethernet12,800000,,
sc02-7060xe7-64prs-fan-j05-u31,Ethernet120,sc02-7060xe7-64prs-j05-u33,Ethernet120,400000,,
sc02-7060xe7-64prs-fan-j05-u31,Ethernet122,sc02-7060xe7-64prs-j05-u33,Ethernet122,400000,,
sc02-7060xe7-64prs-fan-j05-u31,Ethernet124,sc02-7060xe7-64prs-j05-u33,Ethernet124,800000,,
sc02-7060xe7-64prs-fan-j05-u31,Ethernet128,sc02-7060xe7-64prs-j05-u33,Ethernet128,400000,,
sc02-7060xe7-64prs-fan-j05-u31,Ethernet130,sc02-7060xe7-64prs-j05-u33,Ethernet130,400000,,
sc02-7060xe7-64prs-fan-j05-u31,Ethernet132,sc02-7060xe7-64prs-j05-u33,Ethernet132,800000,,
sc02-7060xe7-64prs-fan-j05-u31,Ethernet136,sc02-7060xe7-64prs-j05-u33,Ethernet136,400000,,
sc02-7060xe7-64prs-fan-j05-u31,Ethernet138,sc02-7060xe7-64prs-j05-u33,Ethernet138,400000,,
sc02-7060xe7-64prs-fan-j05-u31,Ethernet140,sc02-7060xe7-64prs-j05-u33,Ethernet140,800000,,
sc02-7060xe7-64prs-fan-j05-u31,Ethernet144,sc02-7060xe7-64prs-j05-u33,Ethernet144,400000,,
sc02-7060xe7-64prs-fan-j05-u31,Ethernet146,sc02-7060xe7-64prs-j05-u33,Ethernet146,400000,,
sc02-7060xe7-64prs-fan-j05-u31,Ethernet148,sc02-7060xe7-64prs-j05-u33,Ethernet148,800000,,
sc02-7060xe7-64prs-fan-j05-u31,Ethernet152,sc02-7060xe7-64prs-j05-u33,Ethernet152,400000,,
sc02-7060xe7-64prs-fan-j05-u31,Ethernet154,sc02-7060xe7-64prs-j05-u33,Ethernet154,400000,,
sc02-7060xe7-64prs-fan-j05-u31,Ethernet156,sc02-7060xe7-64prs-j05-u33,Ethernet156,800000,,
sc02-7060xe7-64prs-fan-j05-u31,Ethernet16,sc02-7060xe7-64prs-j05-u33,Ethernet16,400000,,
sc02-7060xe7-64prs-fan-j05-u31,Ethernet160,sc02-7060xe7-64prs-j05-u33,Ethernet160,400000,,
sc02-7060xe7-64prs-fan-j05-u31,Ethernet162,sc02-7060xe7-64prs-j05-u33,Ethernet162,400000,,
sc02-7060xe7-64prs-fan-j05-u31,Ethernet164,sc02-7060xe7-64prs-j05-u33,Ethernet164,800000,,
sc02-7060xe7-64prs-fan-j05-u31,Ethernet168,sc02-7060xe7-64prs-j05-u33,Ethernet168,400000,,
sc02-7060xe7-64prs-fan-j05-u31,Ethernet170,sc02-7060xe7-64prs-j05-u33,Ethernet170,400000,,
sc02-7060xe7-64prs-fan-j05-u31,Ethernet172,sc02-7060xe7-64prs-j05-u33,Ethernet172,800000,,
sc02-7060xe7-64prs-fan-j05-u31,Ethernet176,sc02-7060xe7-64prs-j05-u33,Ethernet176,400000,,
sc02-7060xe7-64prs-fan-j05-u31,Ethernet178,sc02-7060xe7-64prs-j05-u33,Ethernet178,400000,,
sc02-7060xe7-64prs-fan-j05-u31,Ethernet18,sc02-7060xe7-64prs-j05-u33,Ethernet18,400000,,
sc02-7060xe7-64prs-fan-j05-u31,Ethernet180,sc02-7060xe7-64prs-j05-u33,Ethernet180,800000,,
sc02-7060xe7-64prs-fan-j05-u31,Ethernet184,sc02-7060xe7-64prs-j05-u33,Ethernet184,400000,,
sc02-7060xe7-64prs-fan-j05-u31,Ethernet186,sc02-7060xe7-64prs-j05-u33,Ethernet186,400000,,
sc02-7060xe7-64prs-fan-j05-u31,Ethernet188,sc02-7060xe7-64prs-j05-u33,Ethernet188,800000,,
sc02-7060xe7-64prs-fan-j05-u31,Ethernet192,sc02-7060xe7-64prs-j05-u33,Ethernet192,400000,,
sc02-7060xe7-64prs-fan-j05-u31,Ethernet194,sc02-7060xe7-64prs-j05-u33,Ethernet194,400000,,
sc02-7060xe7-64prs-fan-j05-u31,Ethernet196,sc02-7060xe7-64prs-j05-u33,Ethernet196,800000,,
sc02-7060xe7-64prs-fan-j05-u31,Ethernet2,sc02-7060xe7-64prs-j05-u33,Ethernet2,400000,,
sc02-7060xe7-64prs-fan-j05-u31,Ethernet20,sc02-7060xe7-64prs-j05-u33,Ethernet20,800000,,
sc02-7060xe7-64prs-fan-j05-u31,Ethernet200,sc02-7060xe7-64prs-j05-u33,Ethernet200,400000,,
sc02-7060xe7-64prs-fan-j05-u31,Ethernet202,sc02-7060xe7-64prs-j05-u33,Ethernet202,400000,,
sc02-7060xe7-64prs-fan-j05-u31,Ethernet204,sc02-7060xe7-64prs-j05-u33,Ethernet204,800000,,
sc02-7060xe7-64prs-fan-j05-u31,Ethernet208,sc02-7060xe7-64prs-j05-u33,Ethernet208,400000,,
sc02-7060xe7-64prs-fan-j05-u31,Ethernet210,sc02-7060xe7-64prs-j05-u33,Ethernet210,400000,,
sc02-7060xe7-64prs-fan-j05-u31,Ethernet212,sc02-7060xe7-64prs-j05-u33,Ethernet212,800000,,
sc02-7060xe7-64prs-fan-j05-u31,Ethernet216,sc02-7060xe7-64prs-j05-u33,Ethernet216,400000,,
sc02-7060xe7-64prs-fan-j05-u31,Ethernet218,sc02-7060xe7-64prs-j05-u33,Ethernet218,400000,,
sc02-7060xe7-64prs-fan-j05-u31,Ethernet220,sc02-7060xe7-64prs-j05-u33,Ethernet220,800000,,
sc02-7060xe7-64prs-fan-j05-u31,Ethernet224,sc02-7060xe7-64prs-j05-u33,Ethernet224,400000,,
sc02-7060xe7-64prs-fan-j05-u31,Ethernet226,sc02-7060xe7-64prs-j05-u33,Ethernet226,400000,,
sc02-7060xe7-64prs-fan-j05-u31,Ethernet228,sc02-7060xe7-64prs-j05-u33,Ethernet228,800000,,
sc02-7060xe7-64prs-fan-j05-u31,Ethernet232,sc02-7060xe7-64prs-j05-u33,Ethernet232,400000,,
sc02-7060xe7-64prs-fan-j05-u31,Ethernet234,sc02-7060xe7-64prs-j05-u33,Ethernet234,400000,,
sc02-7060xe7-64prs-fan-j05-u31,Ethernet236,sc02-7060xe7-64prs-j05-u33,Ethernet236,800000,,
sc02-7060xe7-64prs-fan-j05-u31,Ethernet24,sc02-7060xe7-64prs-j05-u33,Ethernet24,400000,,
sc02-7060xe7-64prs-fan-j05-u31,Ethernet240,sc02-7060xe7-64prs-j05-u33,Ethernet240,400000,,
sc02-7060xe7-64prs-fan-j05-u31,Ethernet242,sc02-7060xe7-64prs-j05-u33,Ethernet242,400000,,
sc02-7060xe7-64prs-fan-j05-u31,Ethernet244,sc02-7060xe7-64prs-j05-u33,Ethernet244,800000,,
sc02-7060xe7-64prs-fan-j05-u31,Ethernet248,sc02-7060xe7-64prs-j05-u33,Ethernet248,400000,,
sc02-7060xe7-64prs-fan-j05-u31,Ethernet250,sc02-7060xe7-64prs-j05-u33,Ethernet250,400000,,
sc02-7060xe7-64prs-fan-j05-u31,Ethernet252,sc02-7060xe7-64prs-j05-u33,Ethernet252,800000,,
sc02-7060xe7-64prs-fan-j05-u31,Ethernet256,sc02-7060xe7-64prs-j05-u33,Ethernet256,400000,,
sc02-7060xe7-64prs-fan-j05-u31,Ethernet258,sc02-7060xe7-64prs-j05-u33,Ethernet258,400000,,
sc02-7060xe7-64prs-fan-j05-u31,Ethernet26,sc02-7060xe7-64prs-j05-u33,Ethernet26,400000,,
sc02-7060xe7-64prs-fan-j05-u31,Ethernet260,sc02-7060xe7-64prs-j05-u33,Ethernet260,800000,,
sc02-7060xe7-64prs-fan-j05-u31,Ethernet264,sc02-7060xe7-64prs-j05-u33,Ethernet264,400000,,
sc02-7060xe7-64prs-fan-j05-u31,Ethernet266,sc02-7060xe7-64prs-j05-u33,Ethernet266,400000,,
sc02-7060xe7-64prs-fan-j05-u31,Ethernet268,sc02-7060xe7-64prs-j05-u33,Ethernet268,800000,,
sc02-7060xe7-64prs-fan-j05-u31,Ethernet272,sc02-7060xe7-64prs-j05-u33,Ethernet272,400000,,
sc02-7060xe7-64prs-fan-j05-u31,Ethernet274,sc02-7060xe7-64prs-j05-u33,Ethernet274,400000,,
sc02-7060xe7-64prs-fan-j05-u31,Ethernet276,sc02-7060xe7-64prs-j05-u33,Ethernet276,800000,,
sc02-7060xe7-64prs-fan-j05-u31,Ethernet28,sc02-7060xe7-64prs-j05-u33,Ethernet28,800000,,
sc02-7060xe7-64prs-fan-j05-u31,Ethernet280,sc02-7060xe7-64prs-j05-u33,Ethernet280,400000,,
sc02-7060xe7-64prs-fan-j05-u31,Ethernet282,sc02-7060xe7-64prs-j05-u33,Ethernet282,400000,,
sc02-7060xe7-64prs-fan-j05-u31,Ethernet284,sc02-7060xe7-64prs-j05-u33,Ethernet284,800000,,
sc02-7060xe7-64prs-fan-j05-u31,Ethernet288,sc02-7060xe7-64prs-j05-u33,Ethernet288,400000,,
sc02-7060xe7-64prs-fan-j05-u31,Ethernet290,sc02-7060xe7-64prs-j05-u33,Ethernet290,400000,,
sc02-7060xe7-64prs-fan-j05-u31,Ethernet292,sc02-7060xe7-64prs-j05-u33,Ethernet292,800000,,
sc02-7060xe7-64prs-fan-j05-u31,Ethernet296,sc02-7060xe7-64prs-j05-u33,Ethernet296,400000,,
sc02-7060xe7-64prs-fan-j05-u31,Ethernet298,sc02-7060xe7-64prs-j05-u33,Ethernet298,400000,,
sc02-7060xe7-64prs-fan-j05-u31,Ethernet300,sc02-7060xe7-64prs-j05-u33,Ethernet300,800000,,
sc02-7060xe7-64prs-fan-j05-u31,Ethernet304,sc02-7060xe7-64prs-j05-u33,Ethernet304,400000,,
sc02-7060xe7-64prs-fan-j05-u31,Ethernet306,sc02-7060xe7-64prs-j05-u33,Ethernet306,400000,,
sc02-7060xe7-64prs-fan-j05-u31,Ethernet308,sc02-7060xe7-64prs-j05-u33,Ethernet308,800000,,
sc02-7060xe7-64prs-fan-j05-u31,Ethernet312,sc02-7060xe7-64prs-j05-u33,Ethernet312,400000,,
sc02-7060xe7-64prs-fan-j05-u31,Ethernet314,sc02-7060xe7-64prs-j05-u33,Ethernet314,400000,,
sc02-7060xe7-64prs-fan-j05-u31,Ethernet316,sc02-7060xe7-64prs-j05-u33,Ethernet316,800000,,
sc02-7060xe7-64prs-fan-j05-u31,Ethernet32,sc02-7060xe7-64prs-j05-u33,Ethernet32,400000,,
sc02-7060xe7-64prs-fan-j05-u31,Ethernet320,sc02-7060xe7-64prs-j05-u33,Ethernet320,400000,,
sc02-7060xe7-64prs-fan-j05-u31,Ethernet322,sc02-7060xe7-64prs-j05-u33,Ethernet322,400000,,
sc02-7060xe7-64prs-fan-j05-u31,Ethernet324,sc02-7060xe7-64prs-j05-u33,Ethernet324,800000,,
sc02-7060xe7-64prs-fan-j05-u31,Ethernet328,sc02-7060xe7-64prs-j05-u33,Ethernet328,400000,,
sc02-7060xe7-64prs-fan-j05-u31,Ethernet330,sc02-7060xe7-64prs-j05-u33,Ethernet330,400000,,
sc02-7060xe7-64prs-fan-j05-u31,Ethernet332,sc02-7060xe7-64prs-j05-u33,Ethernet332,800000,,
sc02-7060xe7-64prs-fan-j05-u31,Ethernet336,sc02-7060xe7-64prs-j05-u33,Ethernet336,400000,,
sc02-7060xe7-64prs-fan-j05-u31,Ethernet338,sc02-7060xe7-64prs-j05-u33,Ethernet338,400000,,
sc02-7060xe7-64prs-fan-j05-u31,Ethernet34,sc02-7060xe7-64prs-j05-u33,Ethernet34,400000,,
sc02-7060xe7-64prs-fan-j05-u31,Ethernet340,sc02-7060xe7-64prs-j05-u33,Ethernet340,800000,,
sc02-7060xe7-64prs-fan-j05-u31,Ethernet344,sc02-7060xe7-64prs-j05-u33,Ethernet344,400000,,
sc02-7060xe7-64prs-fan-j05-u31,Ethernet346,sc02-7060xe7-64prs-j05-u33,Ethernet346,400000,,
sc02-7060xe7-64prs-fan-j05-u31,Ethernet348,sc02-7060xe7-64prs-j05-u33,Ethernet348,800000,,
sc02-7060xe7-64prs-fan-j05-u31,Ethernet352,sc02-7060xe7-64prs-j05-u33,Ethernet352,400000,,
sc02-7060xe7-64prs-fan-j05-u31,Ethernet354,sc02-7060xe7-64prs-j05-u33,Ethernet354,400000,,
sc02-7060xe7-64prs-fan-j05-u31,Ethernet356,sc02-7060xe7-64prs-j05-u33,Ethernet356,800000,,
sc02-7060xe7-64prs-fan-j05-u31,Ethernet36,sc02-7060xe7-64prs-j05-u33,Ethernet36,800000,,
sc02-7060xe7-64prs-fan-j05-u31,Ethernet360,sc02-7060xe7-64prs-j05-u33,Ethernet360,400000,,
sc02-7060xe7-64prs-fan-j05-u31,Ethernet362,sc02-7060xe7-64prs-j05-u33,Ethernet362,400000,,
sc02-7060xe7-64prs-fan-j05-u31,Ethernet364,sc02-7060xe7-64prs-j05-u33,Ethernet364,800000,,
sc02-7060xe7-64prs-fan-j05-u31,Ethernet368,sc02-7060xe7-64prs-j05-u33,Ethernet368,400000,,
sc02-7060xe7-64prs-fan-j05-u31,Ethernet370,sc02-7060xe7-64prs-j05-u33,Ethernet370,400000,,
sc02-7060xe7-64prs-fan-j05-u31,Ethernet372,sc02-7060xe7-64prs-j05-u33,Ethernet372,800000,,
sc02-7060xe7-64prs-fan-j05-u31,Ethernet376,sc02-7060xe7-64prs-j05-u33,Ethernet376,400000,,
sc02-7060xe7-64prs-fan-j05-u31,Ethernet378,sc02-7060xe7-64prs-j05-u33,Ethernet378,400000,,
sc02-7060xe7-64prs-fan-j05-u31,Ethernet380,sc02-7060xe7-64prs-j05-u33,Ethernet380,800000,,
sc02-7060xe7-64prs-fan-j05-u31,Ethernet384,sc02-7060xe7-64prs-j05-u33,Ethernet384,400000,,
sc02-7060xe7-64prs-fan-j05-u31,Ethernet386,sc02-7060xe7-64prs-j05-u33,Ethernet386,400000,,
sc02-7060xe7-64prs-fan-j05-u31,Ethernet388,sc02-7060xe7-64prs-j05-u33,Ethernet388,800000,,
sc02-7060xe7-64prs-fan-j05-u31,Ethernet392,sc02-7060xe7-64prs-j05-u33,Ethernet392,400000,,
sc02-7060xe7-64prs-fan-j05-u31,Ethernet394,sc02-7060xe7-64prs-j05-u33,Ethernet394,400000,,
sc02-7060xe7-64prs-fan-j05-u31,Ethernet396,sc02-7060xe7-64prs-j05-u33,Ethernet396,800000,,
sc02-7060xe7-64prs-fan-j05-u31,Ethernet4,sc02-7060xe7-64prs-j05-u33,Ethernet4,800000,,
sc02-7060xe7-64prs-fan-j05-u31,Ethernet40,sc02-7060xe7-64prs-j05-u33,Ethernet40,400000,,
sc02-7060xe7-64prs-fan-j05-u31,Ethernet400,sc02-7060xe7-64prs-j05-u33,Ethernet400,400000,,
sc02-7060xe7-64prs-fan-j05-u31,Ethernet402,sc02-7060xe7-64prs-j05-u33,Ethernet402,400000,,
sc02-7060xe7-64prs-fan-j05-u31,Ethernet404,sc02-7060xe7-64prs-j05-u33,Ethernet404,800000,,
sc02-7060xe7-64prs-fan-j05-u31,Ethernet408,sc02-7060xe7-64prs-j05-u33,Ethernet408,400000,,
sc02-7060xe7-64prs-fan-j05-u31,Ethernet410,sc02-7060xe7-64prs-j05-u33,Ethernet410,400000,,
sc02-7060xe7-64prs-fan-j05-u31,Ethernet412,sc02-7060xe7-64prs-j05-u33,Ethernet412,800000,,
sc02-7060xe7-64prs-fan-j05-u31,Ethernet416,sc02-7060xe7-64prs-j05-u33,Ethernet416,400000,,
sc02-7060xe7-64prs-fan-j05-u31,Ethernet418,sc02-7060xe7-64prs-j05-u33,Ethernet418,400000,,
sc02-7060xe7-64prs-fan-j05-u31,Ethernet42,sc02-7060xe7-64prs-j05-u33,Ethernet42,400000,,
sc02-7060xe7-64prs-fan-j05-u31,Ethernet420,sc02-7060xe7-64prs-j05-u33,Ethernet420,800000,,
sc02-7060xe7-64prs-fan-j05-u31,Ethernet424,sc02-7060xe7-64prs-j05-u33,Ethernet424,400000,,
sc02-7060xe7-64prs-fan-j05-u31,Ethernet426,sc02-7060xe7-64prs-j05-u33,Ethernet426,400000,,
sc02-7060xe7-64prs-fan-j05-u31,Ethernet428,sc02-7060xe7-64prs-j05-u33,Ethernet428,800000,,
sc02-7060xe7-64prs-fan-j05-u31,Ethernet432,sc02-7060xe7-64prs-j05-u33,Ethernet432,400000,,
sc02-7060xe7-64prs-fan-j05-u31,Ethernet434,sc02-7060xe7-64prs-j05-u33,Ethernet434,400000,,
sc02-7060xe7-64prs-fan-j05-u31,Ethernet436,sc02-7060xe7-64prs-j05-u33,Ethernet436,800000,,
sc02-7060xe7-64prs-fan-j05-u31,Ethernet44,sc02-7060xe7-64prs-j05-u33,Ethernet44,800000,,
sc02-7060xe7-64prs-fan-j05-u31,Ethernet440,sc02-7060xe7-64prs-j05-u33,Ethernet440,400000,,
sc02-7060xe7-64prs-fan-j05-u31,Ethernet442,sc02-7060xe7-64prs-j05-u33,Ethernet442,400000,,
sc02-7060xe7-64prs-fan-j05-u31,Ethernet444,sc02-7060xe7-64prs-j05-u33,Ethernet444,800000,,
sc02-7060xe7-64prs-fan-j05-u31,Ethernet448,sc02-7060xe7-64prs-j05-u33,Ethernet448,400000,,
sc02-7060xe7-64prs-fan-j05-u31,Ethernet450,sc02-7060xe7-64prs-j05-u33,Ethernet450,400000,,
sc02-7060xe7-64prs-fan-j05-u31,Ethernet452,sc02-7060xe7-64prs-j05-u33,Ethernet452,800000,,
sc02-7060xe7-64prs-fan-j05-u31,Ethernet456,sc02-7060xe7-64prs-j05-u33,Ethernet456,400000,,
sc02-7060xe7-64prs-fan-j05-u31,Ethernet458,sc02-7060xe7-64prs-j05-u33,Ethernet458,400000,,
sc02-7060xe7-64prs-fan-j05-u31,Ethernet460,sc02-7060xe7-64prs-j05-u33,Ethernet460,800000,,
sc02-7060xe7-64prs-fan-j05-u31,Ethernet464,sc02-7060xe7-64prs-j05-u33,Ethernet464,400000,,
sc02-7060xe7-64prs-fan-j05-u31,Ethernet466,sc02-7060xe7-64prs-j05-u33,Ethernet466,400000,,
sc02-7060xe7-64prs-fan-j05-u31,Ethernet468,sc02-7060xe7-64prs-j05-u33,Ethernet468,800000,,
sc02-7060xe7-64prs-fan-j05-u31,Ethernet472,sc02-7060xe7-64prs-j05-u33,Ethernet472,400000,,
sc02-7060xe7-64prs-fan-j05-u31,Ethernet474,sc02-7060xe7-64prs-j05-u33,Ethernet474,400000,,
sc02-7060xe7-64prs-fan-j05-u31,Ethernet476,sc02-7060xe7-64prs-j05-u33,Ethernet476,800000,,
sc02-7060xe7-64prs-fan-j05-u31,Ethernet48,sc02-7060xe7-64prs-j05-u33,Ethernet48,400000,,
sc02-7060xe7-64prs-fan-j05-u31,Ethernet480,sc02-7060xe7-64prs-j05-u33,Ethernet480,400000,,
sc02-7060xe7-64prs-fan-j05-u31,Ethernet482,sc02-7060xe7-64prs-j05-u33,Ethernet482,400000,,
sc02-7060xe7-64prs-fan-j05-u31,Ethernet484,sc02-7060xe7-64prs-j05-u33,Ethernet484,800000,,
sc02-7060xe7-64prs-fan-j05-u31,Ethernet488,sc02-7060xe7-64prs-j05-u33,Ethernet488,400000,,
sc02-7060xe7-64prs-fan-j05-u31,Ethernet490,sc02-7060xe7-64prs-j05-u33,Ethernet490,400000,,
sc02-7060xe7-64prs-fan-j05-u31,Ethernet492,sc02-7060xe7-64prs-j05-u33,Ethernet492,800000,,
sc02-7060xe7-64prs-fan-j05-u31,Ethernet496,sc02-7060xe7-64prs-j05-u33,Ethernet496,400000,,
sc02-7060xe7-64prs-fan-j05-u31,Ethernet498,sc02-7060xe7-64prs-j05-u33,Ethernet498,400000,,
sc02-7060xe7-64prs-fan-j05-u31,Ethernet50,sc02-7060xe7-64prs-j05-u33,Ethernet50,400000,,
sc02-7060xe7-64prs-fan-j05-u31,Ethernet500,sc02-7060xe7-64prs-j05-u33,Ethernet500,800000,,
sc02-7060xe7-64prs-fan-j05-u31,Ethernet504,sc02-7060xe7-64prs-j05-u33,Ethernet504,400000,,
sc02-7060xe7-64prs-fan-j05-u31,Ethernet506,sc02-7060xe7-64prs-j05-u33,Ethernet506,400000,,
sc02-7060xe7-64prs-fan-j05-u31,Ethernet508,sc02-7060xe7-64prs-j05-u33,Ethernet508,800000,,
sc02-7060xe7-64prs-fan-j05-u31,Ethernet52,sc02-7060xe7-64prs-j05-u33,Ethernet52,800000,,
sc02-7060xe7-64prs-fan-j05-u31,Ethernet56,sc02-7060xe7-64prs-j05-u33,Ethernet56,400000,,
sc02-7060xe7-64prs-fan-j05-u31,Ethernet58,sc02-7060xe7-64prs-j05-u33,Ethernet58,400000,,
sc02-7060xe7-64prs-fan-j05-u31,Ethernet60,sc02-7060xe7-64prs-j05-u33,Ethernet60,800000,,
sc02-7060xe7-64prs-fan-j05-u31,Ethernet64,sc02-7060xe7-64prs-j05-u33,Ethernet64,400000,,
sc02-7060xe7-64prs-fan-j05-u31,Ethernet66,sc02-7060xe7-64prs-j05-u33,Ethernet66,400000,,
sc02-7060xe7-64prs-fan-j05-u31,Ethernet68,sc02-7060xe7-64prs-j05-u33,Ethernet68,800000,,
sc02-7060xe7-64prs-fan-j05-u31,Ethernet72,sc02-7060xe7-64prs-j05-u33,Ethernet72,400000,,
sc02-7060xe7-64prs-fan-j05-u31,Ethernet74,sc02-7060xe7-64prs-j05-u33,Ethernet74,400000,,
sc02-7060xe7-64prs-fan-j05-u31,Ethernet76,sc02-7060xe7-64prs-j05-u33,Ethernet76,800000,,
sc02-7060xe7-64prs-fan-j05-u31,Ethernet8,sc02-7060xe7-64prs-j05-u33,Ethernet8,400000,,
sc02-7060xe7-64prs-fan-j05-u31,Ethernet80,sc02-7060xe7-64prs-j05-u33,Ethernet80,400000,,
sc02-7060xe7-64prs-fan-j05-u31,Ethernet82,sc02-7060xe7-64prs-j05-u33,Ethernet82,400000,,
sc02-7060xe7-64prs-fan-j05-u31,Ethernet84,sc02-7060xe7-64prs-j05-u33,Ethernet84,800000,,
sc02-7060xe7-64prs-fan-j05-u31,Ethernet88,sc02-7060xe7-64prs-j05-u33,Ethernet88,400000,,
sc02-7060xe7-64prs-fan-j05-u31,Ethernet90,sc02-7060xe7-64prs-j05-u33,Ethernet90,400000,,
sc02-7060xe7-64prs-fan-j05-u31,Ethernet92,sc02-7060xe7-64prs-j05-u33,Ethernet92,800000,,
sc02-7060xe7-64prs-fan-j05-u31,Ethernet96,sc02-7060xe7-64prs-j05-u33,Ethernet96,400000,,
sc02-7060xe7-64prs-fan-j05-u31,Ethernet98,sc02-7060xe7-64prs-j05-u33,Ethernet98,400000,,
sc02-8101-ld-fan-j02-u02,Ethernet248,sc02-7050cx3-root-k07-u27,Ethernet28,100000,,
sc02-8101-ld-fan-j02-u02,Ethernet0,sc02-8101-ld-j02-u03,Ethernet0,25000,,
sc02-8101-ld-fan-j02-u02,Ethernet1,sc02-8101-ld-j02-u03,Ethernet1,25000,,
sc02-8101-ld-fan-j02-u02,Ethernet100,sc02-8101-ld-j02-u03,Ethernet100,200000,,
sc02-8101-ld-fan-j02-u02,Ethernet104,sc02-8101-ld-j02-u03,Ethernet104,200000,,
sc02-8101-ld-fan-j02-u02,Ethernet108,sc02-8101-ld-j02-u03,Ethernet108,200000,,
sc02-8101-ld-fan-j02-u02,Ethernet112,sc02-8101-ld-j02-u03,Ethernet112,200000,,
sc02-8101-ld-fan-j02-u02,Ethernet116,sc02-8101-ld-j02-u03,Ethernet116,200000,,
sc02-8101-ld-fan-j02-u02,Ethernet12,sc02-8101-ld-j02-u03,Ethernet12,200000,,
sc02-8101-ld-fan-j02-u02,Ethernet120,sc02-8101-ld-j02-u03,Ethernet120,200000,,
sc02-8101-ld-fan-j02-u02,Ethernet124,sc02-8101-ld-j02-u03,Ethernet124,200000,,
sc02-8101-ld-fan-j02-u02,Ethernet128,sc02-8101-ld-j02-u03,Ethernet128,200000,,
sc02-8101-ld-fan-j02-u02,Ethernet132,sc02-8101-ld-j02-u03,Ethernet132,200000,,
sc02-8101-ld-fan-j02-u02,Ethernet136,sc02-8101-ld-j02-u03,Ethernet136,200000,,
sc02-8101-ld-fan-j02-u02,Ethernet140,sc02-8101-ld-j02-u03,Ethernet140,200000,,
sc02-8101-ld-fan-j02-u02,Ethernet144,sc02-8101-ld-j02-u03,Ethernet144,200000,,
sc02-8101-ld-fan-j02-u02,Ethernet148,sc02-8101-ld-j02-u03,Ethernet148,200000,,
sc02-8101-ld-fan-j02-u02,Ethernet152,sc02-8101-ld-j02-u03,Ethernet152,200000,,
sc02-8101-ld-fan-j02-u02,Ethernet156,sc02-8101-ld-j02-u03,Ethernet156,200000,,
sc02-8101-ld-fan-j02-u02,Ethernet16,sc02-8101-ld-j02-u03,Ethernet16,25000,,
sc02-8101-ld-fan-j02-u02,Ethernet160,sc02-8101-ld-j02-u03,Ethernet160,200000,,
sc02-8101-ld-fan-j02-u02,Ethernet164,sc02-8101-ld-j02-u03,Ethernet164,200000,,
sc02-8101-ld-fan-j02-u02,Ethernet168,sc02-8101-ld-j02-u03,Ethernet168,200000,,
sc02-8101-ld-fan-j02-u02,Ethernet17,sc02-8101-ld-j02-u03,Ethernet17,25000,,
sc02-8101-ld-fan-j02-u02,Ethernet172,sc02-8101-ld-j02-u03,Ethernet172,200000,,
sc02-8101-ld-fan-j02-u02,Ethernet176,sc02-8101-ld-j02-u03,Ethernet176,200000,,
sc02-8101-ld-fan-j02-u02,Ethernet18,sc02-8101-ld-j02-u03,Ethernet18,25000,,
sc02-8101-ld-fan-j02-u02,Ethernet180,sc02-8101-ld-j02-u03,Ethernet180,200000,,
sc02-8101-ld-fan-j02-u02,Ethernet184,sc02-8101-ld-j02-u03,Ethernet184,200000,,
sc02-8101-ld-fan-j02-u02,Ethernet188,sc02-8101-ld-j02-u03,Ethernet188,200000,,
sc02-8101-ld-fan-j02-u02,Ethernet19,sc02-8101-ld-j02-u03,Ethernet19,25000,,
sc02-8101-ld-fan-j02-u02,Ethernet192,sc02-8101-ld-j02-u03,Ethernet192,200000,,
sc02-8101-ld-fan-j02-u02,Ethernet196,sc02-8101-ld-j02-u03,Ethernet196,200000,,
sc02-8101-ld-fan-j02-u02,Ethernet2,sc02-8101-ld-j02-u03,Ethernet2,25000,,
sc02-8101-ld-fan-j02-u02,Ethernet200,sc02-8101-ld-j02-u03,Ethernet200,200000,,
sc02-8101-ld-fan-j02-u02,Ethernet204,sc02-8101-ld-j02-u03,Ethernet204,200000,,
sc02-8101-ld-fan-j02-u02,Ethernet208,sc02-8101-ld-j02-u03,Ethernet208,200000,,
sc02-8101-ld-fan-j02-u02,Ethernet212,sc02-8101-ld-j02-u03,Ethernet212,200000,,
sc02-8101-ld-fan-j02-u02,Ethernet216,sc02-8101-ld-j02-u03,Ethernet216,200000,,
sc02-8101-ld-fan-j02-u02,Ethernet220,sc02-8101-ld-j02-u03,Ethernet220,200000,,
sc02-8101-ld-fan-j02-u02,Ethernet224,sc02-8101-ld-j02-u03,Ethernet224,25000,,
sc02-8101-ld-fan-j02-u02,Ethernet225,sc02-8101-ld-j02-u03,Ethernet225,25000,,
sc02-8101-ld-fan-j02-u02,Ethernet226,sc02-8101-ld-j02-u03,Ethernet226,25000,,
sc02-8101-ld-fan-j02-u02,Ethernet227,sc02-8101-ld-j02-u03,Ethernet227,25000,,
sc02-8101-ld-fan-j02-u02,Ethernet232,sc02-8101-ld-j02-u03,Ethernet232,200000,,
sc02-8101-ld-fan-j02-u02,Ethernet236,sc02-8101-ld-j02-u03,Ethernet236,200000,,
sc02-8101-ld-fan-j02-u02,Ethernet24,sc02-8101-ld-j02-u03,Ethernet24,200000,,
sc02-8101-ld-fan-j02-u02,Ethernet240,sc02-8101-ld-j02-u03,Ethernet240,25000,,
sc02-8101-ld-fan-j02-u02,Ethernet241,sc02-8101-ld-j02-u03,Ethernet241,25000,,
sc02-8101-ld-fan-j02-u02,Ethernet242,sc02-8101-ld-j02-u03,Ethernet242,25000,,
sc02-8101-ld-fan-j02-u02,Ethernet243,sc02-8101-ld-j02-u03,Ethernet243,25000,,
sc02-8101-ld-fan-j02-u02,Ethernet28,sc02-8101-ld-j02-u03,Ethernet28,200000,,
sc02-8101-ld-fan-j02-u02,Ethernet3,sc02-8101-ld-j02-u03,Ethernet3,25000,,
sc02-8101-ld-fan-j02-u02,Ethernet32,sc02-8101-ld-j02-u03,Ethernet32,200000,,
sc02-8101-ld-fan-j02-u02,Ethernet36,sc02-8101-ld-j02-u03,Ethernet36,200000,,
sc02-8101-ld-fan-j02-u02,Ethernet40,sc02-8101-ld-j02-u03,Ethernet40,200000,,
sc02-8101-ld-fan-j02-u02,Ethernet44,sc02-8101-ld-j02-u03,Ethernet44,200000,,
sc02-8101-ld-fan-j02-u02,Ethernet48,sc02-8101-ld-j02-u03,Ethernet48,200000,,
sc02-8101-ld-fan-j02-u02,Ethernet52,sc02-8101-ld-j02-u03,Ethernet52,200000,,
sc02-8101-ld-fan-j02-u02,Ethernet56,sc02-8101-ld-j02-u03,Ethernet56,200000,,
sc02-8101-ld-fan-j02-u02,Ethernet60,sc02-8101-ld-j02-u03,Ethernet60,200000,,
sc02-8101-ld-fan-j02-u02,Ethernet64,sc02-8101-ld-j02-u03,Ethernet64,200000,,
sc02-8101-ld-fan-j02-u02,Ethernet68,sc02-8101-ld-j02-u03,Ethernet68,200000,,
sc02-8101-ld-fan-j02-u02,Ethernet72,sc02-8101-ld-j02-u03,Ethernet72,200000,,
sc02-8101-ld-fan-j02-u02,Ethernet76,sc02-8101-ld-j02-u03,Ethernet76,200000,,
sc02-8101-ld-fan-j02-u02,Ethernet8,sc02-8101-ld-j02-u03,Ethernet8,200000,,
sc02-8101-ld-fan-j02-u02,Ethernet80,sc02-8101-ld-j02-u03,Ethernet80,200000,,
sc02-8101-ld-fan-j02-u02,Ethernet84,sc02-8101-ld-j02-u03,Ethernet84,200000,,
sc02-8101-ld-fan-j02-u02,Ethernet88,sc02-8101-ld-j02-u03,Ethernet88,200000,,
sc02-8101-ld-fan-j02-u02,Ethernet92,sc02-8101-ld-j02-u03,Ethernet92,200000,,
sc02-8101-ld-fan-j02-u02,Ethernet96,sc02-8101-ld-j02-u03,Ethernet96,200000,,
sc02-8101-ld-fan-j02-u35,Ethernet248,sc02-7050cx3-root-k06-u27,Ethernet28,100000,,
sc02-8101-ld-fan-j02-u35,Ethernet0,sc02-8101-ld-j02-u36,Ethernet0,25000,,
sc02-8101-ld-fan-j02-u35,Ethernet1,sc02-8101-ld-j02-u36,Ethernet1,25000,,
sc02-8101-ld-fan-j02-u35,Ethernet100,sc02-8101-ld-j02-u36,Ethernet100,200000,,
sc02-8101-ld-fan-j02-u35,Ethernet104,sc02-8101-ld-j02-u36,Ethernet104,200000,,
sc02-8101-ld-fan-j02-u35,Ethernet108,sc02-8101-ld-j02-u36,Ethernet108,200000,,
sc02-8101-ld-fan-j02-u35,Ethernet112,sc02-8101-ld-j02-u36,Ethernet112,200000,,
sc02-8101-ld-fan-j02-u35,Ethernet116,sc02-8101-ld-j02-u36,Ethernet116,200000,,
sc02-8101-ld-fan-j02-u35,Ethernet12,sc02-8101-ld-j02-u36,Ethernet12,200000,,
sc02-8101-ld-fan-j02-u35,Ethernet120,sc02-8101-ld-j02-u36,Ethernet120,200000,,
sc02-8101-ld-fan-j02-u35,Ethernet124,sc02-8101-ld-j02-u36,Ethernet124,200000,,
sc02-8101-ld-fan-j02-u35,Ethernet128,sc02-8101-ld-j02-u36,Ethernet128,200000,,
sc02-8101-ld-fan-j02-u35,Ethernet132,sc02-8101-ld-j02-u36,Ethernet132,200000,,
sc02-8101-ld-fan-j02-u35,Ethernet136,sc02-8101-ld-j02-u36,Ethernet136,200000,,
sc02-8101-ld-fan-j02-u35,Ethernet140,sc02-8101-ld-j02-u36,Ethernet140,200000,,
sc02-8101-ld-fan-j02-u35,Ethernet144,sc02-8101-ld-j02-u36,Ethernet144,200000,,
sc02-8101-ld-fan-j02-u35,Ethernet148,sc02-8101-ld-j02-u36,Ethernet148,200000,,
sc02-8101-ld-fan-j02-u35,Ethernet152,sc02-8101-ld-j02-u36,Ethernet152,200000,,
sc02-8101-ld-fan-j02-u35,Ethernet156,sc02-8101-ld-j02-u36,Ethernet156,200000,,
sc02-8101-ld-fan-j02-u35,Ethernet16,sc02-8101-ld-j02-u36,Ethernet16,25000,,
sc02-8101-ld-fan-j02-u35,Ethernet160,sc02-8101-ld-j02-u36,Ethernet160,200000,,
sc02-8101-ld-fan-j02-u35,Ethernet164,sc02-8101-ld-j02-u36,Ethernet164,200000,,
sc02-8101-ld-fan-j02-u35,Ethernet168,sc02-8101-ld-j02-u36,Ethernet168,200000,,
sc02-8101-ld-fan-j02-u35,Ethernet17,sc02-8101-ld-j02-u36,Ethernet17,25000,,
sc02-8101-ld-fan-j02-u35,Ethernet172,sc02-8101-ld-j02-u36,Ethernet172,200000,,
sc02-8101-ld-fan-j02-u35,Ethernet176,sc02-8101-ld-j02-u36,Ethernet176,200000,,
sc02-8101-ld-fan-j02-u35,Ethernet18,sc02-8101-ld-j02-u36,Ethernet18,25000,,
sc02-8101-ld-fan-j02-u35,Ethernet180,sc02-8101-ld-j02-u36,Ethernet180,200000,,
sc02-8101-ld-fan-j02-u35,Ethernet184,sc02-8101-ld-j02-u36,Ethernet184,200000,,
sc02-8101-ld-fan-j02-u35,Ethernet188,sc02-8101-ld-j02-u36,Ethernet188,200000,,
sc02-8101-ld-fan-j02-u35,Ethernet19,sc02-8101-ld-j02-u36,Ethernet19,25000,,
sc02-8101-ld-fan-j02-u35,Ethernet192,sc02-8101-ld-j02-u36,Ethernet192,200000,,
sc02-8101-ld-fan-j02-u35,Ethernet196,sc02-8101-ld-j02-u36,Ethernet196,200000,,
sc02-8101-ld-fan-j02-u35,Ethernet2,sc02-8101-ld-j02-u36,Ethernet2,25000,,
sc02-8101-ld-fan-j02-u35,Ethernet200,sc02-8101-ld-j02-u36,Ethernet200,200000,,
sc02-8101-ld-fan-j02-u35,Ethernet204,sc02-8101-ld-j02-u36,Ethernet204,200000,,
sc02-8101-ld-fan-j02-u35,Ethernet208,sc02-8101-ld-j02-u36,Ethernet208,200000,,
sc02-8101-ld-fan-j02-u35,Ethernet212,sc02-8101-ld-j02-u36,Ethernet212,200000,,
sc02-8101-ld-fan-j02-u35,Ethernet216,sc02-8101-ld-j02-u36,Ethernet216,200000,,
sc02-8101-ld-fan-j02-u35,Ethernet220,sc02-8101-ld-j02-u36,Ethernet220,200000,,
sc02-8101-ld-fan-j02-u35,Ethernet224,sc02-8101-ld-j02-u36,Ethernet224,25000,,
sc02-8101-ld-fan-j02-u35,Ethernet225,sc02-8101-ld-j02-u36,Ethernet225,25000,,
sc02-8101-ld-fan-j02-u35,Ethernet226,sc02-8101-ld-j02-u36,Ethernet226,25000,,
sc02-8101-ld-fan-j02-u35,Ethernet227,sc02-8101-ld-j02-u36,Ethernet227,25000,,
sc02-8101-ld-fan-j02-u35,Ethernet232,sc02-8101-ld-j02-u36,Ethernet232,200000,,
sc02-8101-ld-fan-j02-u35,Ethernet236,sc02-8101-ld-j02-u36,Ethernet236,200000,,
sc02-8101-ld-fan-j02-u35,Ethernet24,sc02-8101-ld-j02-u36,Ethernet24,200000,,
sc02-8101-ld-fan-j02-u35,Ethernet240,sc02-8101-ld-j02-u36,Ethernet240,25000,,
sc02-8101-ld-fan-j02-u35,Ethernet241,sc02-8101-ld-j02-u36,Ethernet241,25000,,
sc02-8101-ld-fan-j02-u35,Ethernet242,sc02-8101-ld-j02-u36,Ethernet242,25000,,
sc02-8101-ld-fan-j02-u35,Ethernet243,sc02-8101-ld-j02-u36,Ethernet243,25000,,
sc02-8101-ld-fan-j02-u35,Ethernet28,sc02-8101-ld-j02-u36,Ethernet28,200000,,
sc02-8101-ld-fan-j02-u35,Ethernet3,sc02-8101-ld-j02-u36,Ethernet3,25000,,
sc02-8101-ld-fan-j02-u35,Ethernet32,sc02-8101-ld-j02-u36,Ethernet32,200000,,
sc02-8101-ld-fan-j02-u35,Ethernet36,sc02-8101-ld-j02-u36,Ethernet36,200000,,
sc02-8101-ld-fan-j02-u35,Ethernet40,sc02-8101-ld-j02-u36,Ethernet40,200000,,
sc02-8101-ld-fan-j02-u35,Ethernet44,sc02-8101-ld-j02-u36,Ethernet44,200000,,
sc02-8101-ld-fan-j02-u35,Ethernet48,sc02-8101-ld-j02-u36,Ethernet48,200000,,
sc02-8101-ld-fan-j02-u35,Ethernet52,sc02-8101-ld-j02-u36,Ethernet52,200000,,
sc02-8101-ld-fan-j02-u35,Ethernet56,sc02-8101-ld-j02-u36,Ethernet56,200000,,
sc02-8101-ld-fan-j02-u35,Ethernet60,sc02-8101-ld-j02-u36,Ethernet60,200000,,
sc02-8101-ld-fan-j02-u35,Ethernet64,sc02-8101-ld-j02-u36,Ethernet64,200000,,
sc02-8101-ld-fan-j02-u35,Ethernet68,sc02-8101-ld-j02-u36,Ethernet68,200000,,
sc02-8101-ld-fan-j02-u35,Ethernet72,sc02-8101-ld-j02-u36,Ethernet72,200000,,
sc02-8101-ld-fan-j02-u35,Ethernet76,sc02-8101-ld-j02-u36,Ethernet76,200000,,
sc02-8101-ld-fan-j02-u35,Ethernet8,sc02-8101-ld-j02-u36,Ethernet8,200000,,
sc02-8101-ld-fan-j02-u35,Ethernet80,sc02-8101-ld-j02-u36,Ethernet80,200000,,
sc02-8101-ld-fan-j02-u35,Ethernet84,sc02-8101-ld-j02-u36,Ethernet84,200000,,
sc02-8101-ld-fan-j02-u35,Ethernet88,sc02-8101-ld-j02-u36,Ethernet88,200000,,
sc02-8101-ld-fan-j02-u35,Ethernet92,sc02-8101-ld-j02-u36,Ethernet92,200000,,
sc02-8101-ld-fan-j02-u35,Ethernet96,sc02-8101-ld-j02-u36,Ethernet96,200000,,
sc02-ixia-k02-u10,sync_out0,sc02-ixia-k02-u07,sync_in0,1000,,
sc02-ixia-k03-u10,sync_out0,sc02-ixia-k03-u07,sync_in0,1000,,
sc02-ixia-k04-u10,sync_out0,sc02-ixia-k04-u07,sync_in0,1000,,
sc02-ixia-k05-u10,sync_out0,sc02-ixia-k05-u07,sync_in0,1000,,
sc02-ixia-k06-u10,sync_out0,sc02-ixia-k06-u07,sync_in0,1000,,
sc02-ixia-k07-u10,sync_out0,sc02-ixia-k07-u07,sync_in0,1000,,
sc02-ixia-k08-u10,sync_out0,sc02-ixia-k08-u07,sync_in0,1000,,
sc02-ixia-k09-u10,sync_out0,sc02-ixia-k09-u07,sync_in0,1000,,
sc02-sn4700-ld-fan-j02-u04,Ethernet0,sc02-sn4700-ld-j02-u05,Ethernet0,25000,,
sc02-sn4700-ld-fan-j02-u04,Ethernet1,sc02-sn4700-ld-j02-u05,Ethernet1,25000,,
sc02-sn4700-ld-fan-j02-u04,Ethernet100,sc02-sn4700-ld-j02-u05,Ethernet100,200000,,
sc02-sn4700-ld-fan-j02-u04,Ethernet104,sc02-sn4700-ld-j02-u05,Ethernet104,200000,,
sc02-sn4700-ld-fan-j02-u04,Ethernet108,sc02-sn4700-ld-j02-u05,Ethernet108,200000,,
sc02-sn4700-ld-fan-j02-u04,Ethernet112,sc02-sn4700-ld-j02-u05,Ethernet112,200000,,
sc02-sn4700-ld-fan-j02-u04,Ethernet116,sc02-sn4700-ld-j02-u05,Ethernet116,200000,,
sc02-sn4700-ld-fan-j02-u04,Ethernet12,sc02-sn4700-ld-j02-u05,Ethernet12,25000,,
sc02-sn4700-ld-fan-j02-u04,Ethernet120,sc02-sn4700-ld-j02-u05,Ethernet120,200000,,
sc02-sn4700-ld-fan-j02-u04,Ethernet124,sc02-sn4700-ld-j02-u05,Ethernet124,200000,,
sc02-sn4700-ld-fan-j02-u04,Ethernet128,sc02-sn4700-ld-j02-u05,Ethernet128,200000,,
sc02-sn4700-ld-fan-j02-u04,Ethernet13,sc02-sn4700-ld-j02-u05,Ethernet13,25000,,
sc02-sn4700-ld-fan-j02-u04,Ethernet132,sc02-sn4700-ld-j02-u05,Ethernet132,200000,,
sc02-sn4700-ld-fan-j02-u04,Ethernet136,sc02-sn4700-ld-j02-u05,Ethernet136,200000,,
sc02-sn4700-ld-fan-j02-u04,Ethernet14,sc02-sn4700-ld-j02-u05,Ethernet14,25000,,
sc02-sn4700-ld-fan-j02-u04,Ethernet140,sc02-sn4700-ld-j02-u05,Ethernet140,200000,,
sc02-sn4700-ld-fan-j02-u04,Ethernet144,sc02-sn4700-ld-j02-u05,Ethernet144,200000,,
sc02-sn4700-ld-fan-j02-u04,Ethernet148,sc02-sn4700-ld-j02-u05,Ethernet148,200000,,
sc02-sn4700-ld-fan-j02-u04,Ethernet15,sc02-sn4700-ld-j02-u05,Ethernet15,25000,,
sc02-sn4700-ld-fan-j02-u04,Ethernet152,sc02-sn4700-ld-j02-u05,Ethernet152,200000,,
sc02-sn4700-ld-fan-j02-u04,Ethernet156,sc02-sn4700-ld-j02-u05,Ethernet156,200000,,
sc02-sn4700-ld-fan-j02-u04,Ethernet16,sc02-sn4700-ld-j02-u05,Ethernet16,200000,,
sc02-sn4700-ld-fan-j02-u04,Ethernet160,sc02-sn4700-ld-j02-u05,Ethernet160,200000,,
sc02-sn4700-ld-fan-j02-u04,Ethernet164,sc02-sn4700-ld-j02-u05,Ethernet164,200000,,
sc02-sn4700-ld-fan-j02-u04,Ethernet168,sc02-sn4700-ld-j02-u05,Ethernet168,200000,,
sc02-sn4700-ld-fan-j02-u04,Ethernet172,sc02-sn4700-ld-j02-u05,Ethernet172,200000,,
sc02-sn4700-ld-fan-j02-u04,Ethernet176,sc02-sn4700-ld-j02-u05,Ethernet176,200000,,
sc02-sn4700-ld-fan-j02-u04,Ethernet180,sc02-sn4700-ld-j02-u05,Ethernet180,200000,,
sc02-sn4700-ld-fan-j02-u04,Ethernet184,sc02-sn4700-ld-j02-u05,Ethernet184,200000,,
sc02-sn4700-ld-fan-j02-u04,Ethernet188,sc02-sn4700-ld-j02-u05,Ethernet188,200000,,
sc02-sn4700-ld-fan-j02-u04,Ethernet192,sc02-sn4700-ld-j02-u05,Ethernet192,200000,,
sc02-sn4700-ld-fan-j02-u04,Ethernet196,sc02-sn4700-ld-j02-u05,Ethernet196,200000,,
sc02-sn4700-ld-fan-j02-u04,Ethernet2,sc02-sn4700-ld-j02-u05,Ethernet2,25000,,
sc02-sn4700-ld-fan-j02-u04,Ethernet20,sc02-sn4700-ld-j02-u05,Ethernet20,200000,,
sc02-sn4700-ld-fan-j02-u04,Ethernet200,sc02-sn4700-ld-j02-u05,Ethernet200,200000,,
sc02-sn4700-ld-fan-j02-u04,Ethernet204,sc02-sn4700-ld-j02-u05,Ethernet204,200000,,
sc02-sn4700-ld-fan-j02-u04,Ethernet208,sc02-sn4700-ld-j02-u05,Ethernet208,200000,,
sc02-sn4700-ld-fan-j02-u04,Ethernet212,sc02-sn4700-ld-j02-u05,Ethernet212,200000,,
sc02-sn4700-ld-fan-j02-u04,Ethernet216,sc02-sn4700-ld-j02-u05,Ethernet216,25000,,
sc02-sn4700-ld-fan-j02-u04,Ethernet217,sc02-sn4700-ld-j02-u05,Ethernet217,25000,,
sc02-sn4700-ld-fan-j02-u04,Ethernet218,sc02-sn4700-ld-j02-u05,Ethernet218,25000,,
sc02-sn4700-ld-fan-j02-u04,Ethernet219,sc02-sn4700-ld-j02-u05,Ethernet219,25000,,
sc02-sn4700-ld-fan-j02-u04,Ethernet220,sc02-sn4700-ld-j02-u05,Ethernet220,200000,,
sc02-sn4700-ld-fan-j02-u04,Ethernet224,sc02-sn4700-ld-j02-u05,Ethernet224,200000,,
sc02-sn4700-ld-fan-j02-u04,Ethernet228,sc02-sn4700-ld-j02-u05,Ethernet228,25000,,
sc02-sn4700-ld-fan-j02-u04,Ethernet229,sc02-sn4700-ld-j02-u05,Ethernet229,25000,,
sc02-sn4700-ld-fan-j02-u04,Ethernet24,sc02-sn4700-ld-j02-u05,Ethernet24,200000,,
sc02-sn4700-ld-fan-j02-u04,Ethernet28,sc02-sn4700-ld-j02-u05,Ethernet28,200000,,
sc02-sn4700-ld-fan-j02-u04,Ethernet3,sc02-sn4700-ld-j02-u05,Ethernet3,25000,,
sc02-sn4700-ld-fan-j02-u04,Ethernet32,sc02-sn4700-ld-j02-u05,Ethernet32,200000,,
sc02-sn4700-ld-fan-j02-u04,Ethernet36,sc02-sn4700-ld-j02-u05,Ethernet36,200000,,
sc02-sn4700-ld-fan-j02-u04,Ethernet4,sc02-sn4700-ld-j02-u05,Ethernet4,200000,,
sc02-sn4700-ld-fan-j02-u04,Ethernet40,sc02-sn4700-ld-j02-u05,Ethernet40,200000,,
sc02-sn4700-ld-fan-j02-u04,Ethernet44,sc02-sn4700-ld-j02-u05,Ethernet44,200000,,
sc02-sn4700-ld-fan-j02-u04,Ethernet48,sc02-sn4700-ld-j02-u05,Ethernet48,200000,,
sc02-sn4700-ld-fan-j02-u04,Ethernet52,sc02-sn4700-ld-j02-u05,Ethernet52,200000,,
sc02-sn4700-ld-fan-j02-u04,Ethernet56,sc02-sn4700-ld-j02-u05,Ethernet56,200000,,
sc02-sn4700-ld-fan-j02-u04,Ethernet60,sc02-sn4700-ld-j02-u05,Ethernet60,200000,,
sc02-sn4700-ld-fan-j02-u04,Ethernet64,sc02-sn4700-ld-j02-u05,Ethernet64,200000,,
sc02-sn4700-ld-fan-j02-u04,Ethernet68,sc02-sn4700-ld-j02-u05,Ethernet68,200000,,
sc02-sn4700-ld-fan-j02-u04,Ethernet72,sc02-sn4700-ld-j02-u05,Ethernet72,200000,,
sc02-sn4700-ld-fan-j02-u04,Ethernet76,sc02-sn4700-ld-j02-u05,Ethernet76,200000,,
sc02-sn4700-ld-fan-j02-u04,Ethernet8,sc02-sn4700-ld-j02-u05,Ethernet8,200000,,
sc02-sn4700-ld-fan-j02-u04,Ethernet80,sc02-sn4700-ld-j02-u05,Ethernet80,200000,,
sc02-sn4700-ld-fan-j02-u04,Ethernet84,sc02-sn4700-ld-j02-u05,Ethernet84,200000,,
sc02-sn4700-ld-fan-j02-u04,Ethernet88,sc02-sn4700-ld-j02-u05,Ethernet88,200000,,
sc02-sn4700-ld-fan-j02-u04,Ethernet92,sc02-sn4700-ld-j02-u05,Ethernet92,200000,,
sc02-sn4700-ld-fan-j02-u04,Ethernet96,sc02-sn4700-ld-j02-u05,Ethernet96,200000,,
sc02-sn4700-ld-fan-j02-u37,Ethernet0,sc02-sn4700-ld-j02-u38,Ethernet0,25000,,
sc02-sn4700-ld-fan-j02-u37,Ethernet1,sc02-sn4700-ld-j02-u38,Ethernet1,25000,,
sc02-sn4700-ld-fan-j02-u37,Ethernet100,sc02-sn4700-ld-j02-u38,Ethernet100,200000,,
sc02-sn4700-ld-fan-j02-u37,Ethernet104,sc02-sn4700-ld-j02-u38,Ethernet104,200000,,
sc02-sn4700-ld-fan-j02-u37,Ethernet108,sc02-sn4700-ld-j02-u38,Ethernet108,200000,,
sc02-sn4700-ld-fan-j02-u37,Ethernet112,sc02-sn4700-ld-j02-u38,Ethernet112,200000,,
sc02-sn4700-ld-fan-j02-u37,Ethernet116,sc02-sn4700-ld-j02-u38,Ethernet116,200000,,
sc02-sn4700-ld-fan-j02-u37,Ethernet12,sc02-sn4700-ld-j02-u38,Ethernet12,25000,,
sc02-sn4700-ld-fan-j02-u37,Ethernet120,sc02-sn4700-ld-j02-u38,Ethernet120,200000,,
sc02-sn4700-ld-fan-j02-u37,Ethernet124,sc02-sn4700-ld-j02-u38,Ethernet124,200000,,
sc02-sn4700-ld-fan-j02-u37,Ethernet128,sc02-sn4700-ld-j02-u38,Ethernet128,200000,,
sc02-sn4700-ld-fan-j02-u37,Ethernet13,sc02-sn4700-ld-j02-u38,Ethernet13,25000,,
sc02-sn4700-ld-fan-j02-u37,Ethernet132,sc02-sn4700-ld-j02-u38,Ethernet132,200000,,
sc02-sn4700-ld-fan-j02-u37,Ethernet136,sc02-sn4700-ld-j02-u38,Ethernet136,200000,,
sc02-sn4700-ld-fan-j02-u37,Ethernet14,sc02-sn4700-ld-j02-u38,Ethernet14,25000,,
sc02-sn4700-ld-fan-j02-u37,Ethernet140,sc02-sn4700-ld-j02-u38,Ethernet140,200000,,
sc02-sn4700-ld-fan-j02-u37,Ethernet144,sc02-sn4700-ld-j02-u38,Ethernet144,200000,,
sc02-sn4700-ld-fan-j02-u37,Ethernet148,sc02-sn4700-ld-j02-u38,Ethernet148,200000,,
sc02-sn4700-ld-fan-j02-u37,Ethernet15,sc02-sn4700-ld-j02-u38,Ethernet15,25000,,
sc02-sn4700-ld-fan-j02-u37,Ethernet152,sc02-sn4700-ld-j02-u38,Ethernet152,200000,,
sc02-sn4700-ld-fan-j02-u37,Ethernet156,sc02-sn4700-ld-j02-u38,Ethernet156,200000,,
sc02-sn4700-ld-fan-j02-u37,Ethernet16,sc02-sn4700-ld-j02-u38,Ethernet16,200000,,
sc02-sn4700-ld-fan-j02-u37,Ethernet160,sc02-sn4700-ld-j02-u38,Ethernet160,200000,,
sc02-sn4700-ld-fan-j02-u37,Ethernet164,sc02-sn4700-ld-j02-u38,Ethernet164,200000,,
sc02-sn4700-ld-fan-j02-u37,Ethernet168,sc02-sn4700-ld-j02-u38,Ethernet168,200000,,
sc02-sn4700-ld-fan-j02-u37,Ethernet172,sc02-sn4700-ld-j02-u38,Ethernet172,200000,,
sc02-sn4700-ld-fan-j02-u37,Ethernet176,sc02-sn4700-ld-j02-u38,Ethernet176,200000,,
sc02-sn4700-ld-fan-j02-u37,Ethernet180,sc02-sn4700-ld-j02-u38,Ethernet180,200000,,
sc02-sn4700-ld-fan-j02-u37,Ethernet184,sc02-sn4700-ld-j02-u38,Ethernet184,200000,,
sc02-sn4700-ld-fan-j02-u37,Ethernet188,sc02-sn4700-ld-j02-u38,Ethernet188,200000,,
sc02-sn4700-ld-fan-j02-u37,Ethernet192,sc02-sn4700-ld-j02-u38,Ethernet192,200000,,
sc02-sn4700-ld-fan-j02-u37,Ethernet196,sc02-sn4700-ld-j02-u38,Ethernet196,200000,,
sc02-sn4700-ld-fan-j02-u37,Ethernet2,sc02-sn4700-ld-j02-u38,Ethernet2,25000,,
sc02-sn4700-ld-fan-j02-u37,Ethernet20,sc02-sn4700-ld-j02-u38,Ethernet20,200000,,
sc02-sn4700-ld-fan-j02-u37,Ethernet200,sc02-sn4700-ld-j02-u38,Ethernet200,200000,,
sc02-sn4700-ld-fan-j02-u37,Ethernet204,sc02-sn4700-ld-j02-u38,Ethernet204,200000,,
sc02-sn4700-ld-fan-j02-u37,Ethernet208,sc02-sn4700-ld-j02-u38,Ethernet208,200000,,
sc02-sn4700-ld-fan-j02-u37,Ethernet212,sc02-sn4700-ld-j02-u38,Ethernet212,200000,,
sc02-sn4700-ld-fan-j02-u37,Ethernet216,sc02-sn4700-ld-j02-u38,Ethernet216,25000,,
sc02-sn4700-ld-fan-j02-u37,Ethernet217,sc02-sn4700-ld-j02-u38,Ethernet217,25000,,
sc02-sn4700-ld-fan-j02-u37,Ethernet218,sc02-sn4700-ld-j02-u38,Ethernet218,25000,,
sc02-sn4700-ld-fan-j02-u37,Ethernet219,sc02-sn4700-ld-j02-u38,Ethernet219,25000,,
sc02-sn4700-ld-fan-j02-u37,Ethernet220,sc02-sn4700-ld-j02-u38,Ethernet220,200000,,
sc02-sn4700-ld-fan-j02-u37,Ethernet224,sc02-sn4700-ld-j02-u38,Ethernet224,200000,,
sc02-sn4700-ld-fan-j02-u37,Ethernet228,sc02-sn4700-ld-j02-u38,Ethernet228,25000,,
sc02-sn4700-ld-fan-j02-u37,Ethernet229,sc02-sn4700-ld-j02-u38,Ethernet229,25000,,
sc02-sn4700-ld-fan-j02-u37,Ethernet24,sc02-sn4700-ld-j02-u38,Ethernet24,200000,,
sc02-sn4700-ld-fan-j02-u37,Ethernet28,sc02-sn4700-ld-j02-u38,Ethernet28,200000,,
sc02-sn4700-ld-fan-j02-u37,Ethernet3,sc02-sn4700-ld-j02-u38,Ethernet3,25000,,
sc02-sn4700-ld-fan-j02-u37,Ethernet32,sc02-sn4700-ld-j02-u38,Ethernet32,200000,,
sc02-sn4700-ld-fan-j02-u37,Ethernet36,sc02-sn4700-ld-j02-u38,Ethernet36,200000,,
sc02-sn4700-ld-fan-j02-u37,Ethernet4,sc02-sn4700-ld-j02-u38,Ethernet4,200000,,
sc02-sn4700-ld-fan-j02-u37,Ethernet40,sc02-sn4700-ld-j02-u38,Ethernet40,200000,,
sc02-sn4700-ld-fan-j02-u37,Ethernet44,sc02-sn4700-ld-j02-u38,Ethernet44,200000,,
sc02-sn4700-ld-fan-j02-u37,Ethernet48,sc02-sn4700-ld-j02-u38,Ethernet48,200000,,
sc02-sn4700-ld-fan-j02-u37,Ethernet52,sc02-sn4700-ld-j02-u38,Ethernet52,200000,,
sc02-sn4700-ld-fan-j02-u37,Ethernet56,sc02-sn4700-ld-j02-u38,Ethernet56,200000,,
sc02-sn4700-ld-fan-j02-u37,Ethernet60,sc02-sn4700-ld-j02-u38,Ethernet60,200000,,
sc02-sn4700-ld-fan-j02-u37,Ethernet64,sc02-sn4700-ld-j02-u38,Ethernet64,200000,,
sc02-sn4700-ld-fan-j02-u37,Ethernet68,sc02-sn4700-ld-j02-u38,Ethernet68,200000,,
sc02-sn4700-ld-fan-j02-u37,Ethernet72,sc02-sn4700-ld-j02-u38,Ethernet72,200000,,
sc02-sn4700-ld-fan-j02-u37,Ethernet76,sc02-sn4700-ld-j02-u38,Ethernet76,200000,,
sc02-sn4700-ld-fan-j02-u37,Ethernet8,sc02-sn4700-ld-j02-u38,Ethernet8,200000,,
sc02-sn4700-ld-fan-j02-u37,Ethernet80,sc02-sn4700-ld-j02-u38,Ethernet80,200000,,
sc02-sn4700-ld-fan-j02-u37,Ethernet84,sc02-sn4700-ld-j02-u38,Ethernet84,200000,,
sc02-sn4700-ld-fan-j02-u37,Ethernet88,sc02-sn4700-ld-j02-u38,Ethernet88,200000,,
sc02-sn4700-ld-fan-j02-u37,Ethernet92,sc02-sn4700-ld-j02-u38,Ethernet92,200000,,
sc02-sn4700-ld-fan-j02-u37,Ethernet96,sc02-sn4700-ld-j02-u38,Ethernet96,200000,,
sc02-sn6600-ld-fan-j02-u19,Ethernet512,sc02-7050cx3-root-k07-u27,Ethernet12,100000,,
sc02-sn6600-ld-fan-j02-u19,Ethernet0,sc02-sn6600-ld-j02-u21,Ethernet0,800000,,
sc02-sn6600-ld-fan-j02-u19,Ethernet100,sc02-sn6600-ld-j02-u21,Ethernet100,800000,,
sc02-sn6600-ld-fan-j02-u19,Ethernet104,sc02-sn6600-ld-j02-u21,Ethernet104,800000,,
sc02-sn6600-ld-fan-j02-u19,Ethernet108,sc02-sn6600-ld-j02-u21,Ethernet108,800000,,
sc02-sn6600-ld-fan-j02-u19,Ethernet112,sc02-sn6600-ld-j02-u21,Ethernet112,800000,,
sc02-sn6600-ld-fan-j02-u19,Ethernet116,sc02-sn6600-ld-j02-u21,Ethernet116,800000,,
sc02-sn6600-ld-fan-j02-u19,Ethernet12,sc02-sn6600-ld-j02-u21,Ethernet12,800000,,
sc02-sn6600-ld-fan-j02-u19,Ethernet120,sc02-sn6600-ld-j02-u21,Ethernet120,800000,,
sc02-sn6600-ld-fan-j02-u19,Ethernet124,sc02-sn6600-ld-j02-u21,Ethernet124,800000,,
sc02-sn6600-ld-fan-j02-u19,Ethernet128,sc02-sn6600-ld-j02-u21,Ethernet128,800000,,
sc02-sn6600-ld-fan-j02-u19,Ethernet132,sc02-sn6600-ld-j02-u21,Ethernet132,800000,,
sc02-sn6600-ld-fan-j02-u19,Ethernet136,sc02-sn6600-ld-j02-u21,Ethernet136,800000,,
sc02-sn6600-ld-fan-j02-u19,Ethernet140,sc02-sn6600-ld-j02-u21,Ethernet140,800000,,
sc02-sn6600-ld-fan-j02-u19,Ethernet144,sc02-sn6600-ld-j02-u21,Ethernet144,800000,,
sc02-sn6600-ld-fan-j02-u19,Ethernet148,sc02-sn6600-ld-j02-u21,Ethernet148,800000,,
sc02-sn6600-ld-fan-j02-u19,Ethernet152,sc02-sn6600-ld-j02-u21,Ethernet152,800000,,
sc02-sn6600-ld-fan-j02-u19,Ethernet156,sc02-sn6600-ld-j02-u21,Ethernet156,800000,,
sc02-sn6600-ld-fan-j02-u19,Ethernet16,sc02-sn6600-ld-j02-u21,Ethernet16,800000,,
sc02-sn6600-ld-fan-j02-u19,Ethernet160,sc02-sn6600-ld-j02-u21,Ethernet160,800000,,
sc02-sn6600-ld-fan-j02-u19,Ethernet164,sc02-sn6600-ld-j02-u21,Ethernet164,800000,,
sc02-sn6600-ld-fan-j02-u19,Ethernet168,sc02-sn6600-ld-j02-u21,Ethernet168,800000,,
sc02-sn6600-ld-fan-j02-u19,Ethernet172,sc02-sn6600-ld-j02-u21,Ethernet172,800000,,
sc02-sn6600-ld-fan-j02-u19,Ethernet176,sc02-sn6600-ld-j02-u21,Ethernet176,800000,,
sc02-sn6600-ld-fan-j02-u19,Ethernet180,sc02-sn6600-ld-j02-u21,Ethernet180,800000,,
sc02-sn6600-ld-fan-j02-u19,Ethernet184,sc02-sn6600-ld-j02-u21,Ethernet184,800000,,
sc02-sn6600-ld-fan-j02-u19,Ethernet188,sc02-sn6600-ld-j02-u21,Ethernet188,800000,,
sc02-sn6600-ld-fan-j02-u19,Ethernet192,sc02-sn6600-ld-j02-u21,Ethernet192,800000,,
sc02-sn6600-ld-fan-j02-u19,Ethernet196,sc02-sn6600-ld-j02-u21,Ethernet196,800000,,
sc02-sn6600-ld-fan-j02-u19,Ethernet20,sc02-sn6600-ld-j02-u21,Ethernet20,800000,,
sc02-sn6600-ld-fan-j02-u19,Ethernet200,sc02-sn6600-ld-j02-u21,Ethernet200,800000,,
sc02-sn6600-ld-fan-j02-u19,Ethernet204,sc02-sn6600-ld-j02-u21,Ethernet204,800000,,
sc02-sn6600-ld-fan-j02-u19,Ethernet208,sc02-sn6600-ld-j02-u21,Ethernet208,800000,,
sc02-sn6600-ld-fan-j02-u19,Ethernet212,sc02-sn6600-ld-j02-u21,Ethernet212,800000,,
sc02-sn6600-ld-fan-j02-u19,Ethernet216,sc02-sn6600-ld-j02-u21,Ethernet216,800000,,
sc02-sn6600-ld-fan-j02-u19,Ethernet220,sc02-sn6600-ld-j02-u21,Ethernet220,800000,,
sc02-sn6600-ld-fan-j02-u19,Ethernet224,sc02-sn6600-ld-j02-u21,Ethernet224,800000,,
sc02-sn6600-ld-fan-j02-u19,Ethernet228,sc02-sn6600-ld-j02-u21,Ethernet228,800000,,
sc02-sn6600-ld-fan-j02-u19,Ethernet232,sc02-sn6600-ld-j02-u21,Ethernet232,800000,,
sc02-sn6600-ld-fan-j02-u19,Ethernet236,sc02-sn6600-ld-j02-u21,Ethernet236,800000,,
sc02-sn6600-ld-fan-j02-u19,Ethernet24,sc02-sn6600-ld-j02-u21,Ethernet24,800000,,
sc02-sn6600-ld-fan-j02-u19,Ethernet240,sc02-sn6600-ld-j02-u21,Ethernet240,800000,,
sc02-sn6600-ld-fan-j02-u19,Ethernet244,sc02-sn6600-ld-j02-u21,Ethernet244,800000,,
sc02-sn6600-ld-fan-j02-u19,Ethernet248,sc02-sn6600-ld-j02-u21,Ethernet248,800000,,
sc02-sn6600-ld-fan-j02-u19,Ethernet252,sc02-sn6600-ld-j02-u21,Ethernet252,800000,,
sc02-sn6600-ld-fan-j02-u19,Ethernet256,sc02-sn6600-ld-j02-u21,Ethernet256,800000,,
sc02-sn6600-ld-fan-j02-u19,Ethernet260,sc02-sn6600-ld-j02-u21,Ethernet260,800000,,
sc02-sn6600-ld-fan-j02-u19,Ethernet264,sc02-sn6600-ld-j02-u21,Ethernet264,800000,,
sc02-sn6600-ld-fan-j02-u19,Ethernet268,sc02-sn6600-ld-j02-u21,Ethernet268,800000,,
sc02-sn6600-ld-fan-j02-u19,Ethernet272,sc02-sn6600-ld-j02-u21,Ethernet272,800000,,
sc02-sn6600-ld-fan-j02-u19,Ethernet276,sc02-sn6600-ld-j02-u21,Ethernet276,800000,,
sc02-sn6600-ld-fan-j02-u19,Ethernet28,sc02-sn6600-ld-j02-u21,Ethernet28,800000,,
sc02-sn6600-ld-fan-j02-u19,Ethernet280,sc02-sn6600-ld-j02-u21,Ethernet280,800000,,
sc02-sn6600-ld-fan-j02-u19,Ethernet284,sc02-sn6600-ld-j02-u21,Ethernet284,800000,,
sc02-sn6600-ld-fan-j02-u19,Ethernet288,sc02-sn6600-ld-j02-u21,Ethernet288,800000,,
sc02-sn6600-ld-fan-j02-u19,Ethernet292,sc02-sn6600-ld-j02-u21,Ethernet292,800000,,
sc02-sn6600-ld-fan-j02-u19,Ethernet296,sc02-sn6600-ld-j02-u21,Ethernet296,800000,,
sc02-sn6600-ld-fan-j02-u19,Ethernet300,sc02-sn6600-ld-j02-u21,Ethernet300,800000,,
sc02-sn6600-ld-fan-j02-u19,Ethernet304,sc02-sn6600-ld-j02-u21,Ethernet304,800000,,
sc02-sn6600-ld-fan-j02-u19,Ethernet308,sc02-sn6600-ld-j02-u21,Ethernet308,800000,,
sc02-sn6600-ld-fan-j02-u19,Ethernet312,sc02-sn6600-ld-j02-u21,Ethernet312,800000,,
sc02-sn6600-ld-fan-j02-u19,Ethernet316,sc02-sn6600-ld-j02-u21,Ethernet316,800000,,
sc02-sn6600-ld-fan-j02-u19,Ethernet32,sc02-sn6600-ld-j02-u21,Ethernet32,800000,,
sc02-sn6600-ld-fan-j02-u19,Ethernet320,sc02-sn6600-ld-j02-u21,Ethernet320,800000,,
sc02-sn6600-ld-fan-j02-u19,Ethernet324,sc02-sn6600-ld-j02-u21,Ethernet324,800000,,
sc02-sn6600-ld-fan-j02-u19,Ethernet328,sc02-sn6600-ld-j02-u21,Ethernet328,800000,,
sc02-sn6600-ld-fan-j02-u19,Ethernet332,sc02-sn6600-ld-j02-u21,Ethernet332,800000,,
sc02-sn6600-ld-fan-j02-u19,Ethernet336,sc02-sn6600-ld-j02-u21,Ethernet336,800000,,
sc02-sn6600-ld-fan-j02-u19,Ethernet340,sc02-sn6600-ld-j02-u21,Ethernet340,800000,,
sc02-sn6600-ld-fan-j02-u19,Ethernet344,sc02-sn6600-ld-j02-u21,Ethernet344,800000,,
sc02-sn6600-ld-fan-j02-u19,Ethernet348,sc02-sn6600-ld-j02-u21,Ethernet348,800000,,
sc02-sn6600-ld-fan-j02-u19,Ethernet352,sc02-sn6600-ld-j02-u21,Ethernet352,800000,,
sc02-sn6600-ld-fan-j02-u19,Ethernet356,sc02-sn6600-ld-j02-u21,Ethernet356,800000,,
sc02-sn6600-ld-fan-j02-u19,Ethernet36,sc02-sn6600-ld-j02-u21,Ethernet36,800000,,
sc02-sn6600-ld-fan-j02-u19,Ethernet360,sc02-sn6600-ld-j02-u21,Ethernet360,800000,,
sc02-sn6600-ld-fan-j02-u19,Ethernet364,sc02-sn6600-ld-j02-u21,Ethernet364,800000,,
sc02-sn6600-ld-fan-j02-u19,Ethernet368,sc02-sn6600-ld-j02-u21,Ethernet368,800000,,
sc02-sn6600-ld-fan-j02-u19,Ethernet372,sc02-sn6600-ld-j02-u21,Ethernet372,800000,,
sc02-sn6600-ld-fan-j02-u19,Ethernet376,sc02-sn6600-ld-j02-u21,Ethernet376,800000,,
sc02-sn6600-ld-fan-j02-u19,Ethernet380,sc02-sn6600-ld-j02-u21,Ethernet380,800000,,
sc02-sn6600-ld-fan-j02-u19,Ethernet384,sc02-sn6600-ld-j02-u21,Ethernet384,800000,,
sc02-sn6600-ld-fan-j02-u19,Ethernet388,sc02-sn6600-ld-j02-u21,Ethernet388,800000,,
sc02-sn6600-ld-fan-j02-u19,Ethernet392,sc02-sn6600-ld-j02-u21,Ethernet392,800000,,
sc02-sn6600-ld-fan-j02-u19,Ethernet396,sc02-sn6600-ld-j02-u21,Ethernet396,800000,,
sc02-sn6600-ld-fan-j02-u19,Ethernet4,sc02-sn6600-ld-j02-u21,Ethernet4,800000,,
sc02-sn6600-ld-fan-j02-u19,Ethernet40,sc02-sn6600-ld-j02-u21,Ethernet40,800000,,
sc02-sn6600-ld-fan-j02-u19,Ethernet400,sc02-sn6600-ld-j02-u21,Ethernet400,800000,,
sc02-sn6600-ld-fan-j02-u19,Ethernet404,sc02-sn6600-ld-j02-u21,Ethernet404,800000,,
sc02-sn6600-ld-fan-j02-u19,Ethernet408,sc02-sn6600-ld-j02-u21,Ethernet408,800000,,
sc02-sn6600-ld-fan-j02-u19,Ethernet412,sc02-sn6600-ld-j02-u21,Ethernet412,800000,,
sc02-sn6600-ld-fan-j02-u19,Ethernet416,sc02-sn6600-ld-j02-u21,Ethernet416,800000,,
sc02-sn6600-ld-fan-j02-u19,Ethernet420,sc02-sn6600-ld-j02-u21,Ethernet420,800000,,
sc02-sn6600-ld-fan-j02-u19,Ethernet424,sc02-sn6600-ld-j02-u21,Ethernet424,800000,,
sc02-sn6600-ld-fan-j02-u19,Ethernet428,sc02-sn6600-ld-j02-u21,Ethernet428,800000,,
sc02-sn6600-ld-fan-j02-u19,Ethernet432,sc02-sn6600-ld-j02-u21,Ethernet432,800000,,
sc02-sn6600-ld-fan-j02-u19,Ethernet436,sc02-sn6600-ld-j02-u21,Ethernet436,800000,,
sc02-sn6600-ld-fan-j02-u19,Ethernet44,sc02-sn6600-ld-j02-u21,Ethernet44,800000,,
sc02-sn6600-ld-fan-j02-u19,Ethernet440,sc02-sn6600-ld-j02-u21,Ethernet440,800000,,
sc02-sn6600-ld-fan-j02-u19,Ethernet444,sc02-sn6600-ld-j02-u21,Ethernet444,800000,,
sc02-sn6600-ld-fan-j02-u19,Ethernet448,sc02-sn6600-ld-j02-u21,Ethernet448,800000,,
sc02-sn6600-ld-fan-j02-u19,Ethernet452,sc02-sn6600-ld-j02-u21,Ethernet452,800000,,
sc02-sn6600-ld-fan-j02-u19,Ethernet456,sc02-sn6600-ld-j02-u21,Ethernet456,800000,,
sc02-sn6600-ld-fan-j02-u19,Ethernet460,sc02-sn6600-ld-j02-u21,Ethernet460,800000,,
sc02-sn6600-ld-fan-j02-u19,Ethernet464,sc02-sn6600-ld-j02-u21,Ethernet464,800000,,
sc02-sn6600-ld-fan-j02-u19,Ethernet468,sc02-sn6600-ld-j02-u21,Ethernet468,800000,,
sc02-sn6600-ld-fan-j02-u19,Ethernet472,sc02-sn6600-ld-j02-u21,Ethernet472,800000,,
sc02-sn6600-ld-fan-j02-u19,Ethernet476,sc02-sn6600-ld-j02-u21,Ethernet476,800000,,
sc02-sn6600-ld-fan-j02-u19,Ethernet48,sc02-sn6600-ld-j02-u21,Ethernet48,800000,,
sc02-sn6600-ld-fan-j02-u19,Ethernet480,sc02-sn6600-ld-j02-u21,Ethernet480,800000,,
sc02-sn6600-ld-fan-j02-u19,Ethernet484,sc02-sn6600-ld-j02-u21,Ethernet484,800000,,
sc02-sn6600-ld-fan-j02-u19,Ethernet488,sc02-sn6600-ld-j02-u21,Ethernet488,800000,,
sc02-sn6600-ld-fan-j02-u19,Ethernet492,sc02-sn6600-ld-j02-u21,Ethernet492,800000,,
sc02-sn6600-ld-fan-j02-u19,Ethernet496,sc02-sn6600-ld-j02-u21,Ethernet496,800000,,
sc02-sn6600-ld-fan-j02-u19,Ethernet500,sc02-sn6600-ld-j02-u21,Ethernet500,800000,,
sc02-sn6600-ld-fan-j02-u19,Ethernet504,sc02-sn6600-ld-j02-u21,Ethernet504,800000,,
sc02-sn6600-ld-fan-j02-u19,Ethernet508,sc02-sn6600-ld-j02-u21,Ethernet508,800000,,
sc02-sn6600-ld-fan-j02-u19,Ethernet52,sc02-sn6600-ld-j02-u21,Ethernet52,800000,,
sc02-sn6600-ld-fan-j02-u19,Ethernet56,sc02-sn6600-ld-j02-u21,Ethernet56,800000,,
sc02-sn6600-ld-fan-j02-u19,Ethernet60,sc02-sn6600-ld-j02-u21,Ethernet60,800000,,
sc02-sn6600-ld-fan-j02-u19,Ethernet64,sc02-sn6600-ld-j02-u21,Ethernet64,800000,,
sc02-sn6600-ld-fan-j02-u19,Ethernet68,sc02-sn6600-ld-j02-u21,Ethernet68,800000,,
sc02-sn6600-ld-fan-j02-u19,Ethernet72,sc02-sn6600-ld-j02-u21,Ethernet72,800000,,
sc02-sn6600-ld-fan-j02-u19,Ethernet76,sc02-sn6600-ld-j02-u21,Ethernet76,800000,,
sc02-sn6600-ld-fan-j02-u19,Ethernet8,sc02-sn6600-ld-j02-u21,Ethernet8,800000,,
sc02-sn6600-ld-fan-j02-u19,Ethernet80,sc02-sn6600-ld-j02-u21,Ethernet80,800000,,
sc02-sn6600-ld-fan-j02-u19,Ethernet84,sc02-sn6600-ld-j02-u21,Ethernet84,800000,,
sc02-sn6600-ld-fan-j02-u19,Ethernet88,sc02-sn6600-ld-j02-u21,Ethernet88,800000,,
sc02-sn6600-ld-fan-j02-u19,Ethernet92,sc02-sn6600-ld-j02-u21,Ethernet92,800000,,
sc02-sn6600-ld-fan-j02-u19,Ethernet96,sc02-sn6600-ld-j02-u21,Ethernet96,800000,,
sc02-sn6600-ld-fan-j02-u23,Ethernet512,sc02-7050cx3-root-k07-u27,Ethernet8,100000,,
sc02-sn6600-ld-fan-j02-u23,Ethernet0,sc02-sn6600-ld-j02-u25,Ethernet0,800000,,
sc02-sn6600-ld-fan-j02-u23,Ethernet100,sc02-sn6600-ld-j02-u25,Ethernet100,800000,,
sc02-sn6600-ld-fan-j02-u23,Ethernet104,sc02-sn6600-ld-j02-u25,Ethernet104,800000,,
sc02-sn6600-ld-fan-j02-u23,Ethernet108,sc02-sn6600-ld-j02-u25,Ethernet108,800000,,
sc02-sn6600-ld-fan-j02-u23,Ethernet112,sc02-sn6600-ld-j02-u25,Ethernet112,800000,,
sc02-sn6600-ld-fan-j02-u23,Ethernet116,sc02-sn6600-ld-j02-u25,Ethernet116,800000,,
sc02-sn6600-ld-fan-j02-u23,Ethernet12,sc02-sn6600-ld-j02-u25,Ethernet12,800000,,
sc02-sn6600-ld-fan-j02-u23,Ethernet120,sc02-sn6600-ld-j02-u25,Ethernet120,800000,,
sc02-sn6600-ld-fan-j02-u23,Ethernet124,sc02-sn6600-ld-j02-u25,Ethernet124,800000,,
sc02-sn6600-ld-fan-j02-u23,Ethernet128,sc02-sn6600-ld-j02-u25,Ethernet128,800000,,
sc02-sn6600-ld-fan-j02-u23,Ethernet132,sc02-sn6600-ld-j02-u25,Ethernet132,800000,,
sc02-sn6600-ld-fan-j02-u23,Ethernet136,sc02-sn6600-ld-j02-u25,Ethernet136,800000,,
sc02-sn6600-ld-fan-j02-u23,Ethernet140,sc02-sn6600-ld-j02-u25,Ethernet140,800000,,
sc02-sn6600-ld-fan-j02-u23,Ethernet144,sc02-sn6600-ld-j02-u25,Ethernet144,800000,,
sc02-sn6600-ld-fan-j02-u23,Ethernet148,sc02-sn6600-ld-j02-u25,Ethernet148,800000,,
sc02-sn6600-ld-fan-j02-u23,Ethernet152,sc02-sn6600-ld-j02-u25,Ethernet152,800000,,
sc02-sn6600-ld-fan-j02-u23,Ethernet156,sc02-sn6600-ld-j02-u25,Ethernet156,800000,,
sc02-sn6600-ld-fan-j02-u23,Ethernet16,sc02-sn6600-ld-j02-u25,Ethernet16,800000,,
sc02-sn6600-ld-fan-j02-u23,Ethernet160,sc02-sn6600-ld-j02-u25,Ethernet160,800000,,
sc02-sn6600-ld-fan-j02-u23,Ethernet164,sc02-sn6600-ld-j02-u25,Ethernet164,800000,,
sc02-sn6600-ld-fan-j02-u23,Ethernet168,sc02-sn6600-ld-j02-u25,Ethernet168,800000,,
sc02-sn6600-ld-fan-j02-u23,Ethernet172,sc02-sn6600-ld-j02-u25,Ethernet172,800000,,
sc02-sn6600-ld-fan-j02-u23,Ethernet176,sc02-sn6600-ld-j02-u25,Ethernet176,800000,,
sc02-sn6600-ld-fan-j02-u23,Ethernet180,sc02-sn6600-ld-j02-u25,Ethernet180,800000,,
sc02-sn6600-ld-fan-j02-u23,Ethernet184,sc02-sn6600-ld-j02-u25,Ethernet184,800000,,
sc02-sn6600-ld-fan-j02-u23,Ethernet188,sc02-sn6600-ld-j02-u25,Ethernet188,800000,,
sc02-sn6600-ld-fan-j02-u23,Ethernet192,sc02-sn6600-ld-j02-u25,Ethernet192,800000,,
sc02-sn6600-ld-fan-j02-u23,Ethernet196,sc02-sn6600-ld-j02-u25,Ethernet196,800000,,
sc02-sn6600-ld-fan-j02-u23,Ethernet20,sc02-sn6600-ld-j02-u25,Ethernet20,800000,,
sc02-sn6600-ld-fan-j02-u23,Ethernet200,sc02-sn6600-ld-j02-u25,Ethernet200,800000,,
sc02-sn6600-ld-fan-j02-u23,Ethernet204,sc02-sn6600-ld-j02-u25,Ethernet204,800000,,
sc02-sn6600-ld-fan-j02-u23,Ethernet208,sc02-sn6600-ld-j02-u25,Ethernet208,800000,,
sc02-sn6600-ld-fan-j02-u23,Ethernet212,sc02-sn6600-ld-j02-u25,Ethernet212,800000,,
sc02-sn6600-ld-fan-j02-u23,Ethernet216,sc02-sn6600-ld-j02-u25,Ethernet216,800000,,
sc02-sn6600-ld-fan-j02-u23,Ethernet220,sc02-sn6600-ld-j02-u25,Ethernet220,800000,,
sc02-sn6600-ld-fan-j02-u23,Ethernet224,sc02-sn6600-ld-j02-u25,Ethernet224,800000,,
sc02-sn6600-ld-fan-j02-u23,Ethernet228,sc02-sn6600-ld-j02-u25,Ethernet228,800000,,
sc02-sn6600-ld-fan-j02-u23,Ethernet232,sc02-sn6600-ld-j02-u25,Ethernet232,800000,,
sc02-sn6600-ld-fan-j02-u23,Ethernet236,sc02-sn6600-ld-j02-u25,Ethernet236,800000,,
sc02-sn6600-ld-fan-j02-u23,Ethernet24,sc02-sn6600-ld-j02-u25,Ethernet24,800000,,
sc02-sn6600-ld-fan-j02-u23,Ethernet240,sc02-sn6600-ld-j02-u25,Ethernet240,800000,,
sc02-sn6600-ld-fan-j02-u23,Ethernet244,sc02-sn6600-ld-j02-u25,Ethernet244,800000,,
sc02-sn6600-ld-fan-j02-u23,Ethernet248,sc02-sn6600-ld-j02-u25,Ethernet248,800000,,
sc02-sn6600-ld-fan-j02-u23,Ethernet252,sc02-sn6600-ld-j02-u25,Ethernet252,800000,,
sc02-sn6600-ld-fan-j02-u23,Ethernet256,sc02-sn6600-ld-j02-u25,Ethernet256,800000,,
sc02-sn6600-ld-fan-j02-u23,Ethernet260,sc02-sn6600-ld-j02-u25,Ethernet260,800000,,
sc02-sn6600-ld-fan-j02-u23,Ethernet264,sc02-sn6600-ld-j02-u25,Ethernet264,800000,,
sc02-sn6600-ld-fan-j02-u23,Ethernet268,sc02-sn6600-ld-j02-u25,Ethernet268,800000,,
sc02-sn6600-ld-fan-j02-u23,Ethernet272,sc02-sn6600-ld-j02-u25,Ethernet272,800000,,
sc02-sn6600-ld-fan-j02-u23,Ethernet276,sc02-sn6600-ld-j02-u25,Ethernet276,800000,,
sc02-sn6600-ld-fan-j02-u23,Ethernet28,sc02-sn6600-ld-j02-u25,Ethernet28,800000,,
sc02-sn6600-ld-fan-j02-u23,Ethernet280,sc02-sn6600-ld-j02-u25,Ethernet280,800000,,
sc02-sn6600-ld-fan-j02-u23,Ethernet284,sc02-sn6600-ld-j02-u25,Ethernet284,800000,,
sc02-sn6600-ld-fan-j02-u23,Ethernet288,sc02-sn6600-ld-j02-u25,Ethernet288,800000,,
sc02-sn6600-ld-fan-j02-u23,Ethernet292,sc02-sn6600-ld-j02-u25,Ethernet292,800000,,
sc02-sn6600-ld-fan-j02-u23,Ethernet296,sc02-sn6600-ld-j02-u25,Ethernet296,800000,,
sc02-sn6600-ld-fan-j02-u23,Ethernet300,sc02-sn6600-ld-j02-u25,Ethernet300,800000,,
sc02-sn6600-ld-fan-j02-u23,Ethernet304,sc02-sn6600-ld-j02-u25,Ethernet304,800000,,
sc02-sn6600-ld-fan-j02-u23,Ethernet308,sc02-sn6600-ld-j02-u25,Ethernet308,800000,,
sc02-sn6600-ld-fan-j02-u23,Ethernet312,sc02-sn6600-ld-j02-u25,Ethernet312,800000,,
sc02-sn6600-ld-fan-j02-u23,Ethernet316,sc02-sn6600-ld-j02-u25,Ethernet316,800000,,
sc02-sn6600-ld-fan-j02-u23,Ethernet32,sc02-sn6600-ld-j02-u25,Ethernet32,800000,,
sc02-sn6600-ld-fan-j02-u23,Ethernet320,sc02-sn6600-ld-j02-u25,Ethernet320,800000,,
sc02-sn6600-ld-fan-j02-u23,Ethernet324,sc02-sn6600-ld-j02-u25,Ethernet324,800000,,
sc02-sn6600-ld-fan-j02-u23,Ethernet328,sc02-sn6600-ld-j02-u25,Ethernet328,800000,,
sc02-sn6600-ld-fan-j02-u23,Ethernet332,sc02-sn6600-ld-j02-u25,Ethernet332,800000,,
sc02-sn6600-ld-fan-j02-u23,Ethernet336,sc02-sn6600-ld-j02-u25,Ethernet336,800000,,
sc02-sn6600-ld-fan-j02-u23,Ethernet340,sc02-sn6600-ld-j02-u25,Ethernet340,800000,,
sc02-sn6600-ld-fan-j02-u23,Ethernet344,sc02-sn6600-ld-j02-u25,Ethernet344,800000,,
sc02-sn6600-ld-fan-j02-u23,Ethernet348,sc02-sn6600-ld-j02-u25,Ethernet348,800000,,
sc02-sn6600-ld-fan-j02-u23,Ethernet352,sc02-sn6600-ld-j02-u25,Ethernet352,800000,,
sc02-sn6600-ld-fan-j02-u23,Ethernet356,sc02-sn6600-ld-j02-u25,Ethernet356,800000,,
sc02-sn6600-ld-fan-j02-u23,Ethernet36,sc02-sn6600-ld-j02-u25,Ethernet36,800000,,
sc02-sn6600-ld-fan-j02-u23,Ethernet360,sc02-sn6600-ld-j02-u25,Ethernet360,800000,,
sc02-sn6600-ld-fan-j02-u23,Ethernet364,sc02-sn6600-ld-j02-u25,Ethernet364,800000,,
sc02-sn6600-ld-fan-j02-u23,Ethernet368,sc02-sn6600-ld-j02-u25,Ethernet368,800000,,
sc02-sn6600-ld-fan-j02-u23,Ethernet372,sc02-sn6600-ld-j02-u25,Ethernet372,800000,,
sc02-sn6600-ld-fan-j02-u23,Ethernet376,sc02-sn6600-ld-j02-u25,Ethernet376,800000,,
sc02-sn6600-ld-fan-j02-u23,Ethernet380,sc02-sn6600-ld-j02-u25,Ethernet380,800000,,
sc02-sn6600-ld-fan-j02-u23,Ethernet384,sc02-sn6600-ld-j02-u25,Ethernet384,800000,,
sc02-sn6600-ld-fan-j02-u23,Ethernet388,sc02-sn6600-ld-j02-u25,Ethernet388,800000,,
sc02-sn6600-ld-fan-j02-u23,Ethernet392,sc02-sn6600-ld-j02-u25,Ethernet392,800000,,
sc02-sn6600-ld-fan-j02-u23,Ethernet396,sc02-sn6600-ld-j02-u25,Ethernet396,800000,,
sc02-sn6600-ld-fan-j02-u23,Ethernet4,sc02-sn6600-ld-j02-u25,Ethernet4,800000,,
sc02-sn6600-ld-fan-j02-u23,Ethernet40,sc02-sn6600-ld-j02-u25,Ethernet40,800000,,
sc02-sn6600-ld-fan-j02-u23,Ethernet400,sc02-sn6600-ld-j02-u25,Ethernet400,800000,,
sc02-sn6600-ld-fan-j02-u23,Ethernet404,sc02-sn6600-ld-j02-u25,Ethernet404,800000,,
sc02-sn6600-ld-fan-j02-u23,Ethernet408,sc02-sn6600-ld-j02-u25,Ethernet408,800000,,
sc02-sn6600-ld-fan-j02-u23,Ethernet412,sc02-sn6600-ld-j02-u25,Ethernet412,800000,,
sc02-sn6600-ld-fan-j02-u23,Ethernet416,sc02-sn6600-ld-j02-u25,Ethernet416,800000,,
sc02-sn6600-ld-fan-j02-u23,Ethernet420,sc02-sn6600-ld-j02-u25,Ethernet420,800000,,
sc02-sn6600-ld-fan-j02-u23,Ethernet424,sc02-sn6600-ld-j02-u25,Ethernet424,800000,,
sc02-sn6600-ld-fan-j02-u23,Ethernet428,sc02-sn6600-ld-j02-u25,Ethernet428,800000,,
sc02-sn6600-ld-fan-j02-u23,Ethernet432,sc02-sn6600-ld-j02-u25,Ethernet432,800000,,
sc02-sn6600-ld-fan-j02-u23,Ethernet436,sc02-sn6600-ld-j02-u25,Ethernet436,800000,,
sc02-sn6600-ld-fan-j02-u23,Ethernet44,sc02-sn6600-ld-j02-u25,Ethernet44,800000,,
sc02-sn6600-ld-fan-j02-u23,Ethernet440,sc02-sn6600-ld-j02-u25,Ethernet440,800000,,
sc02-sn6600-ld-fan-j02-u23,Ethernet444,sc02-sn6600-ld-j02-u25,Ethernet444,800000,,
sc02-sn6600-ld-fan-j02-u23,Ethernet448,sc02-sn6600-ld-j02-u25,Ethernet448,800000,,
sc02-sn6600-ld-fan-j02-u23,Ethernet452,sc02-sn6600-ld-j02-u25,Ethernet452,800000,,
sc02-sn6600-ld-fan-j02-u23,Ethernet456,sc02-sn6600-ld-j02-u25,Ethernet456,800000,,
sc02-sn6600-ld-fan-j02-u23,Ethernet460,sc02-sn6600-ld-j02-u25,Ethernet460,800000,,
sc02-sn6600-ld-fan-j02-u23,Ethernet464,sc02-sn6600-ld-j02-u25,Ethernet464,800000,,
sc02-sn6600-ld-fan-j02-u23,Ethernet468,sc02-sn6600-ld-j02-u25,Ethernet468,800000,,
sc02-sn6600-ld-fan-j02-u23,Ethernet472,sc02-sn6600-ld-j02-u25,Ethernet472,800000,,
sc02-sn6600-ld-fan-j02-u23,Ethernet476,sc02-sn6600-ld-j02-u25,Ethernet476,800000,,
sc02-sn6600-ld-fan-j02-u23,Ethernet48,sc02-sn6600-ld-j02-u25,Ethernet48,800000,,
sc02-sn6600-ld-fan-j02-u23,Ethernet480,sc02-sn6600-ld-j02-u25,Ethernet480,800000,,
sc02-sn6600-ld-fan-j02-u23,Ethernet484,sc02-sn6600-ld-j02-u25,Ethernet484,800000,,
sc02-sn6600-ld-fan-j02-u23,Ethernet488,sc02-sn6600-ld-j02-u25,Ethernet488,800000,,
sc02-sn6600-ld-fan-j02-u23,Ethernet492,sc02-sn6600-ld-j02-u25,Ethernet492,800000,,
sc02-sn6600-ld-fan-j02-u23,Ethernet496,sc02-sn6600-ld-j02-u25,Ethernet496,800000,,
sc02-sn6600-ld-fan-j02-u23,Ethernet500,sc02-sn6600-ld-j02-u25,Ethernet500,800000,,
sc02-sn6600-ld-fan-j02-u23,Ethernet504,sc02-sn6600-ld-j02-u25,Ethernet504,800000,,
sc02-sn6600-ld-fan-j02-u23,Ethernet508,sc02-sn6600-ld-j02-u25,Ethernet508,800000,,
sc02-sn6600-ld-fan-j02-u23,Ethernet52,sc02-sn6600-ld-j02-u25,Ethernet52,800000,,
sc02-sn6600-ld-fan-j02-u23,Ethernet56,sc02-sn6600-ld-j02-u25,Ethernet56,800000,,
sc02-sn6600-ld-fan-j02-u23,Ethernet60,sc02-sn6600-ld-j02-u25,Ethernet60,800000,,
sc02-sn6600-ld-fan-j02-u23,Ethernet64,sc02-sn6600-ld-j02-u25,Ethernet64,800000,,
sc02-sn6600-ld-fan-j02-u23,Ethernet68,sc02-sn6600-ld-j02-u25,Ethernet68,800000,,
sc02-sn6600-ld-fan-j02-u23,Ethernet72,sc02-sn6600-ld-j02-u25,Ethernet72,800000,,
sc02-sn6600-ld-fan-j02-u23,Ethernet76,sc02-sn6600-ld-j02-u25,Ethernet76,800000,,
sc02-sn6600-ld-fan-j02-u23,Ethernet8,sc02-sn6600-ld-j02-u25,Ethernet8,800000,,
sc02-sn6600-ld-fan-j02-u23,Ethernet80,sc02-sn6600-ld-j02-u25,Ethernet80,800000,,
sc02-sn6600-ld-fan-j02-u23,Ethernet84,sc02-sn6600-ld-j02-u25,Ethernet84,800000,,
sc02-sn6600-ld-fan-j02-u23,Ethernet88,sc02-sn6600-ld-j02-u25,Ethernet88,800000,,
sc02-sn6600-ld-fan-j02-u23,Ethernet92,sc02-sn6600-ld-j02-u25,Ethernet92,800000,,
sc02-sn6600-ld-fan-j02-u23,Ethernet96,sc02-sn6600-ld-j02-u25,Ethernet96,800000,,
sc02-sn6600-ld-fan-j02-u27,Ethernet512,sc02-7050cx3-root-k07-u27,Ethernet4,100000,,
sc02-sn6600-ld-fan-j02-u27,Ethernet0,sc02-sn6600-ld-j02-u29,Ethernet0,400000,,
sc02-sn6600-ld-fan-j02-u27,Ethernet10,sc02-sn6600-ld-j02-u29,Ethernet10,400000,,
sc02-sn6600-ld-fan-j02-u27,Ethernet100,sc02-sn6600-ld-j02-u29,Ethernet100,800000,,
sc02-sn6600-ld-fan-j02-u27,Ethernet104,sc02-sn6600-ld-j02-u29,Ethernet104,400000,,
sc02-sn6600-ld-fan-j02-u27,Ethernet106,sc02-sn6600-ld-j02-u29,Ethernet106,400000,,
sc02-sn6600-ld-fan-j02-u27,Ethernet108,sc02-sn6600-ld-j02-u29,Ethernet108,800000,,
sc02-sn6600-ld-fan-j02-u27,Ethernet112,sc02-sn6600-ld-j02-u29,Ethernet112,400000,,
sc02-sn6600-ld-fan-j02-u27,Ethernet114,sc02-sn6600-ld-j02-u29,Ethernet114,400000,,
sc02-sn6600-ld-fan-j02-u27,Ethernet116,sc02-sn6600-ld-j02-u29,Ethernet116,800000,,
sc02-sn6600-ld-fan-j02-u27,Ethernet12,sc02-sn6600-ld-j02-u29,Ethernet12,800000,,
sc02-sn6600-ld-fan-j02-u27,Ethernet120,sc02-sn6600-ld-j02-u29,Ethernet120,400000,,
sc02-sn6600-ld-fan-j02-u27,Ethernet122,sc02-sn6600-ld-j02-u29,Ethernet122,400000,,
sc02-sn6600-ld-fan-j02-u27,Ethernet124,sc02-sn6600-ld-j02-u29,Ethernet124,800000,,
sc02-sn6600-ld-fan-j02-u27,Ethernet128,sc02-sn6600-ld-j02-u29,Ethernet128,400000,,
sc02-sn6600-ld-fan-j02-u27,Ethernet130,sc02-sn6600-ld-j02-u29,Ethernet130,400000,,
sc02-sn6600-ld-fan-j02-u27,Ethernet132,sc02-sn6600-ld-j02-u29,Ethernet132,800000,,
sc02-sn6600-ld-fan-j02-u27,Ethernet136,sc02-sn6600-ld-j02-u29,Ethernet136,400000,,
sc02-sn6600-ld-fan-j02-u27,Ethernet138,sc02-sn6600-ld-j02-u29,Ethernet138,400000,,
sc02-sn6600-ld-fan-j02-u27,Ethernet140,sc02-sn6600-ld-j02-u29,Ethernet140,800000,,
sc02-sn6600-ld-fan-j02-u27,Ethernet144,sc02-sn6600-ld-j02-u29,Ethernet144,400000,,
sc02-sn6600-ld-fan-j02-u27,Ethernet146,sc02-sn6600-ld-j02-u29,Ethernet146,400000,,
sc02-sn6600-ld-fan-j02-u27,Ethernet148,sc02-sn6600-ld-j02-u29,Ethernet148,800000,,
sc02-sn6600-ld-fan-j02-u27,Ethernet152,sc02-sn6600-ld-j02-u29,Ethernet152,400000,,
sc02-sn6600-ld-fan-j02-u27,Ethernet154,sc02-sn6600-ld-j02-u29,Ethernet154,400000,,
sc02-sn6600-ld-fan-j02-u27,Ethernet156,sc02-sn6600-ld-j02-u29,Ethernet156,800000,,
sc02-sn6600-ld-fan-j02-u27,Ethernet16,sc02-sn6600-ld-j02-u29,Ethernet16,400000,,
sc02-sn6600-ld-fan-j02-u27,Ethernet160,sc02-sn6600-ld-j02-u29,Ethernet160,400000,,
sc02-sn6600-ld-fan-j02-u27,Ethernet162,sc02-sn6600-ld-j02-u29,Ethernet162,400000,,
sc02-sn6600-ld-fan-j02-u27,Ethernet164,sc02-sn6600-ld-j02-u29,Ethernet164,800000,,
sc02-sn6600-ld-fan-j02-u27,Ethernet168,sc02-sn6600-ld-j02-u29,Ethernet168,400000,,
sc02-sn6600-ld-fan-j02-u27,Ethernet170,sc02-sn6600-ld-j02-u29,Ethernet170,400000,,
sc02-sn6600-ld-fan-j02-u27,Ethernet172,sc02-sn6600-ld-j02-u29,Ethernet172,800000,,
sc02-sn6600-ld-fan-j02-u27,Ethernet176,sc02-sn6600-ld-j02-u29,Ethernet176,400000,,
sc02-sn6600-ld-fan-j02-u27,Ethernet178,sc02-sn6600-ld-j02-u29,Ethernet178,400000,,
sc02-sn6600-ld-fan-j02-u27,Ethernet18,sc02-sn6600-ld-j02-u29,Ethernet18,400000,,
sc02-sn6600-ld-fan-j02-u27,Ethernet180,sc02-sn6600-ld-j02-u29,Ethernet180,800000,,
sc02-sn6600-ld-fan-j02-u27,Ethernet184,sc02-sn6600-ld-j02-u29,Ethernet184,400000,,
sc02-sn6600-ld-fan-j02-u27,Ethernet186,sc02-sn6600-ld-j02-u29,Ethernet186,400000,,
sc02-sn6600-ld-fan-j02-u27,Ethernet188,sc02-sn6600-ld-j02-u29,Ethernet188,800000,,
sc02-sn6600-ld-fan-j02-u27,Ethernet192,sc02-sn6600-ld-j02-u29,Ethernet192,400000,,
sc02-sn6600-ld-fan-j02-u27,Ethernet194,sc02-sn6600-ld-j02-u29,Ethernet194,400000,,
sc02-sn6600-ld-fan-j02-u27,Ethernet196,sc02-sn6600-ld-j02-u29,Ethernet196,800000,,
sc02-sn6600-ld-fan-j02-u27,Ethernet2,sc02-sn6600-ld-j02-u29,Ethernet2,400000,,
sc02-sn6600-ld-fan-j02-u27,Ethernet20,sc02-sn6600-ld-j02-u29,Ethernet20,800000,,
sc02-sn6600-ld-fan-j02-u27,Ethernet200,sc02-sn6600-ld-j02-u29,Ethernet200,400000,,
sc02-sn6600-ld-fan-j02-u27,Ethernet202,sc02-sn6600-ld-j02-u29,Ethernet202,400000,,
sc02-sn6600-ld-fan-j02-u27,Ethernet204,sc02-sn6600-ld-j02-u29,Ethernet204,800000,,
sc02-sn6600-ld-fan-j02-u27,Ethernet208,sc02-sn6600-ld-j02-u29,Ethernet208,400000,,
sc02-sn6600-ld-fan-j02-u27,Ethernet210,sc02-sn6600-ld-j02-u29,Ethernet210,400000,,
sc02-sn6600-ld-fan-j02-u27,Ethernet212,sc02-sn6600-ld-j02-u29,Ethernet212,800000,,
sc02-sn6600-ld-fan-j02-u27,Ethernet216,sc02-sn6600-ld-j02-u29,Ethernet216,400000,,
sc02-sn6600-ld-fan-j02-u27,Ethernet218,sc02-sn6600-ld-j02-u29,Ethernet218,400000,,
sc02-sn6600-ld-fan-j02-u27,Ethernet220,sc02-sn6600-ld-j02-u29,Ethernet220,800000,,
sc02-sn6600-ld-fan-j02-u27,Ethernet224,sc02-sn6600-ld-j02-u29,Ethernet224,400000,,
sc02-sn6600-ld-fan-j02-u27,Ethernet226,sc02-sn6600-ld-j02-u29,Ethernet226,400000,,
sc02-sn6600-ld-fan-j02-u27,Ethernet228,sc02-sn6600-ld-j02-u29,Ethernet228,800000,,
sc02-sn6600-ld-fan-j02-u27,Ethernet232,sc02-sn6600-ld-j02-u29,Ethernet232,400000,,
sc02-sn6600-ld-fan-j02-u27,Ethernet234,sc02-sn6600-ld-j02-u29,Ethernet234,400000,,
sc02-sn6600-ld-fan-j02-u27,Ethernet236,sc02-sn6600-ld-j02-u29,Ethernet236,800000,,
sc02-sn6600-ld-fan-j02-u27,Ethernet24,sc02-sn6600-ld-j02-u29,Ethernet24,400000,,
sc02-sn6600-ld-fan-j02-u27,Ethernet240,sc02-sn6600-ld-j02-u29,Ethernet240,400000,,
sc02-sn6600-ld-fan-j02-u27,Ethernet242,sc02-sn6600-ld-j02-u29,Ethernet242,400000,,
sc02-sn6600-ld-fan-j02-u27,Ethernet244,sc02-sn6600-ld-j02-u29,Ethernet244,800000,,
sc02-sn6600-ld-fan-j02-u27,Ethernet248,sc02-sn6600-ld-j02-u29,Ethernet248,400000,,
sc02-sn6600-ld-fan-j02-u27,Ethernet250,sc02-sn6600-ld-j02-u29,Ethernet250,400000,,
sc02-sn6600-ld-fan-j02-u27,Ethernet252,sc02-sn6600-ld-j02-u29,Ethernet252,800000,,
sc02-sn6600-ld-fan-j02-u27,Ethernet256,sc02-sn6600-ld-j02-u29,Ethernet256,400000,,
sc02-sn6600-ld-fan-j02-u27,Ethernet258,sc02-sn6600-ld-j02-u29,Ethernet258,400000,,
sc02-sn6600-ld-fan-j02-u27,Ethernet26,sc02-sn6600-ld-j02-u29,Ethernet26,400000,,
sc02-sn6600-ld-fan-j02-u27,Ethernet260,sc02-sn6600-ld-j02-u29,Ethernet260,800000,,
sc02-sn6600-ld-fan-j02-u27,Ethernet264,sc02-sn6600-ld-j02-u29,Ethernet264,400000,,
sc02-sn6600-ld-fan-j02-u27,Ethernet266,sc02-sn6600-ld-j02-u29,Ethernet266,400000,,
sc02-sn6600-ld-fan-j02-u27,Ethernet268,sc02-sn6600-ld-j02-u29,Ethernet268,800000,,
sc02-sn6600-ld-fan-j02-u27,Ethernet272,sc02-sn6600-ld-j02-u29,Ethernet272,400000,,
sc02-sn6600-ld-fan-j02-u27,Ethernet274,sc02-sn6600-ld-j02-u29,Ethernet274,400000,,
sc02-sn6600-ld-fan-j02-u27,Ethernet276,sc02-sn6600-ld-j02-u29,Ethernet276,800000,,
sc02-sn6600-ld-fan-j02-u27,Ethernet28,sc02-sn6600-ld-j02-u29,Ethernet28,800000,,
sc02-sn6600-ld-fan-j02-u27,Ethernet280,sc02-sn6600-ld-j02-u29,Ethernet280,400000,,
sc02-sn6600-ld-fan-j02-u27,Ethernet282,sc02-sn6600-ld-j02-u29,Ethernet282,400000,,
sc02-sn6600-ld-fan-j02-u27,Ethernet284,sc02-sn6600-ld-j02-u29,Ethernet284,800000,,
sc02-sn6600-ld-fan-j02-u27,Ethernet288,sc02-sn6600-ld-j02-u29,Ethernet288,400000,,
sc02-sn6600-ld-fan-j02-u27,Ethernet290,sc02-sn6600-ld-j02-u29,Ethernet290,400000,,
sc02-sn6600-ld-fan-j02-u27,Ethernet292,sc02-sn6600-ld-j02-u29,Ethernet292,800000,,
sc02-sn6600-ld-fan-j02-u27,Ethernet296,sc02-sn6600-ld-j02-u29,Ethernet296,400000,,
sc02-sn6600-ld-fan-j02-u27,Ethernet298,sc02-sn6600-ld-j02-u29,Ethernet298,400000,,
sc02-sn6600-ld-fan-j02-u27,Ethernet300,sc02-sn6600-ld-j02-u29,Ethernet300,800000,,
sc02-sn6600-ld-fan-j02-u27,Ethernet304,sc02-sn6600-ld-j02-u29,Ethernet304,400000,,
sc02-sn6600-ld-fan-j02-u27,Ethernet306,sc02-sn6600-ld-j02-u29,Ethernet306,400000,,
sc02-sn6600-ld-fan-j02-u27,Ethernet308,sc02-sn6600-ld-j02-u29,Ethernet308,800000,,
sc02-sn6600-ld-fan-j02-u27,Ethernet312,sc02-sn6600-ld-j02-u29,Ethernet312,400000,,
sc02-sn6600-ld-fan-j02-u27,Ethernet314,sc02-sn6600-ld-j02-u29,Ethernet314,400000,,
sc02-sn6600-ld-fan-j02-u27,Ethernet316,sc02-sn6600-ld-j02-u29,Ethernet316,800000,,
sc02-sn6600-ld-fan-j02-u27,Ethernet32,sc02-sn6600-ld-j02-u29,Ethernet32,400000,,
sc02-sn6600-ld-fan-j02-u27,Ethernet320,sc02-sn6600-ld-j02-u29,Ethernet320,400000,,
sc02-sn6600-ld-fan-j02-u27,Ethernet322,sc02-sn6600-ld-j02-u29,Ethernet322,400000,,
sc02-sn6600-ld-fan-j02-u27,Ethernet324,sc02-sn6600-ld-j02-u29,Ethernet324,800000,,
sc02-sn6600-ld-fan-j02-u27,Ethernet328,sc02-sn6600-ld-j02-u29,Ethernet328,400000,,
sc02-sn6600-ld-fan-j02-u27,Ethernet330,sc02-sn6600-ld-j02-u29,Ethernet330,400000,,
sc02-sn6600-ld-fan-j02-u27,Ethernet332,sc02-sn6600-ld-j02-u29,Ethernet332,800000,,
sc02-sn6600-ld-fan-j02-u27,Ethernet336,sc02-sn6600-ld-j02-u29,Ethernet336,400000,,
sc02-sn6600-ld-fan-j02-u27,Ethernet338,sc02-sn6600-ld-j02-u29,Ethernet338,400000,,
sc02-sn6600-ld-fan-j02-u27,Ethernet34,sc02-sn6600-ld-j02-u29,Ethernet34,400000,,
sc02-sn6600-ld-fan-j02-u27,Ethernet340,sc02-sn6600-ld-j02-u29,Ethernet340,800000,,
sc02-sn6600-ld-fan-j02-u27,Ethernet344,sc02-sn6600-ld-j02-u29,Ethernet344,400000,,
sc02-sn6600-ld-fan-j02-u27,Ethernet346,sc02-sn6600-ld-j02-u29,Ethernet346,400000,,
sc02-sn6600-ld-fan-j02-u27,Ethernet348,sc02-sn6600-ld-j02-u29,Ethernet348,800000,,
sc02-sn6600-ld-fan-j02-u27,Ethernet352,sc02-sn6600-ld-j02-u29,Ethernet352,400000,,
sc02-sn6600-ld-fan-j02-u27,Ethernet354,sc02-sn6600-ld-j02-u29,Ethernet354,400000,,
sc02-sn6600-ld-fan-j02-u27,Ethernet356,sc02-sn6600-ld-j02-u29,Ethernet356,800000,,
sc02-sn6600-ld-fan-j02-u27,Ethernet36,sc02-sn6600-ld-j02-u29,Ethernet36,800000,,
sc02-sn6600-ld-fan-j02-u27,Ethernet360,sc02-sn6600-ld-j02-u29,Ethernet360,400000,,
sc02-sn6600-ld-fan-j02-u27,Ethernet362,sc02-sn6600-ld-j02-u29,Ethernet362,400000,,
sc02-sn6600-ld-fan-j02-u27,Ethernet364,sc02-sn6600-ld-j02-u29,Ethernet364,800000,,
sc02-sn6600-ld-fan-j02-u27,Ethernet368,sc02-sn6600-ld-j02-u29,Ethernet368,400000,,
sc02-sn6600-ld-fan-j02-u27,Ethernet370,sc02-sn6600-ld-j02-u29,Ethernet370,400000,,
sc02-sn6600-ld-fan-j02-u27,Ethernet372,sc02-sn6600-ld-j02-u29,Ethernet372,800000,,
sc02-sn6600-ld-fan-j02-u27,Ethernet376,sc02-sn6600-ld-j02-u29,Ethernet376,400000,,
sc02-sn6600-ld-fan-j02-u27,Ethernet378,sc02-sn6600-ld-j02-u29,Ethernet378,400000,,
sc02-sn6600-ld-fan-j02-u27,Ethernet380,sc02-sn6600-ld-j02-u29,Ethernet380,800000,,
sc02-sn6600-ld-fan-j02-u27,Ethernet384,sc02-sn6600-ld-j02-u29,Ethernet384,400000,,
sc02-sn6600-ld-fan-j02-u27,Ethernet386,sc02-sn6600-ld-j02-u29,Ethernet386,400000,,
sc02-sn6600-ld-fan-j02-u27,Ethernet388,sc02-sn6600-ld-j02-u29,Ethernet388,800000,,
sc02-sn6600-ld-fan-j02-u27,Ethernet392,sc02-sn6600-ld-j02-u29,Ethernet392,400000,,
sc02-sn6600-ld-fan-j02-u27,Ethernet394,sc02-sn6600-ld-j02-u29,Ethernet394,400000,,
sc02-sn6600-ld-fan-j02-u27,Ethernet396,sc02-sn6600-ld-j02-u29,Ethernet396,800000,,
sc02-sn6600-ld-fan-j02-u27,Ethernet4,sc02-sn6600-ld-j02-u29,Ethernet4,800000,,
sc02-sn6600-ld-fan-j02-u27,Ethernet40,sc02-sn6600-ld-j02-u29,Ethernet40,400000,,
sc02-sn6600-ld-fan-j02-u27,Ethernet400,sc02-sn6600-ld-j02-u29,Ethernet400,400000,,
sc02-sn6600-ld-fan-j02-u27,Ethernet402,sc02-sn6600-ld-j02-u29,Ethernet402,400000,,
sc02-sn6600-ld-fan-j02-u27,Ethernet404,sc02-sn6600-ld-j02-u29,Ethernet404,800000,,
sc02-sn6600-ld-fan-j02-u27,Ethernet408,sc02-sn6600-ld-j02-u29,Ethernet408,400000,,
sc02-sn6600-ld-fan-j02-u27,Ethernet410,sc02-sn6600-ld-j02-u29,Ethernet410,400000,,
sc02-sn6600-ld-fan-j02-u27,Ethernet412,sc02-sn6600-ld-j02-u29,Ethernet412,800000,,
sc02-sn6600-ld-fan-j02-u27,Ethernet416,sc02-sn6600-ld-j02-u29,Ethernet416,400000,,
sc02-sn6600-ld-fan-j02-u27,Ethernet418,sc02-sn6600-ld-j02-u29,Ethernet418,400000,,
sc02-sn6600-ld-fan-j02-u27,Ethernet42,sc02-sn6600-ld-j02-u29,Ethernet42,400000,,
sc02-sn6600-ld-fan-j02-u27,Ethernet420,sc02-sn6600-ld-j02-u29,Ethernet420,800000,,
sc02-sn6600-ld-fan-j02-u27,Ethernet424,sc02-sn6600-ld-j02-u29,Ethernet424,400000,,
sc02-sn6600-ld-fan-j02-u27,Ethernet426,sc02-sn6600-ld-j02-u29,Ethernet426,400000,,
sc02-sn6600-ld-fan-j02-u27,Ethernet428,sc02-sn6600-ld-j02-u29,Ethernet428,800000,,
sc02-sn6600-ld-fan-j02-u27,Ethernet432,sc02-sn6600-ld-j02-u29,Ethernet432,400000,,
sc02-sn6600-ld-fan-j02-u27,Ethernet434,sc02-sn6600-ld-j02-u29,Ethernet434,400000,,
sc02-sn6600-ld-fan-j02-u27,Ethernet436,sc02-sn6600-ld-j02-u29,Ethernet436,800000,,
sc02-sn6600-ld-fan-j02-u27,Ethernet44,sc02-sn6600-ld-j02-u29,Ethernet44,800000,,
sc02-sn6600-ld-fan-j02-u27,Ethernet440,sc02-sn6600-ld-j02-u29,Ethernet440,400000,,
sc02-sn6600-ld-fan-j02-u27,Ethernet442,sc02-sn6600-ld-j02-u29,Ethernet442,400000,,
sc02-sn6600-ld-fan-j02-u27,Ethernet444,sc02-sn6600-ld-j02-u29,Ethernet444,800000,,
sc02-sn6600-ld-fan-j02-u27,Ethernet448,sc02-sn6600-ld-j02-u29,Ethernet448,400000,,
sc02-sn6600-ld-fan-j02-u27,Ethernet450,sc02-sn6600-ld-j02-u29,Ethernet450,400000,,
sc02-sn6600-ld-fan-j02-u27,Ethernet452,sc02-sn6600-ld-j02-u29,Ethernet452,800000,,
sc02-sn6600-ld-fan-j02-u27,Ethernet456,sc02-sn6600-ld-j02-u29,Ethernet456,400000,,
sc02-sn6600-ld-fan-j02-u27,Ethernet458,sc02-sn6600-ld-j02-u29,Ethernet458,400000,,
sc02-sn6600-ld-fan-j02-u27,Ethernet460,sc02-sn6600-ld-j02-u29,Ethernet460,800000,,
sc02-sn6600-ld-fan-j02-u27,Ethernet464,sc02-sn6600-ld-j02-u29,Ethernet464,400000,,
sc02-sn6600-ld-fan-j02-u27,Ethernet466,sc02-sn6600-ld-j02-u29,Ethernet466,400000,,
sc02-sn6600-ld-fan-j02-u27,Ethernet468,sc02-sn6600-ld-j02-u29,Ethernet468,800000,,
sc02-sn6600-ld-fan-j02-u27,Ethernet472,sc02-sn6600-ld-j02-u29,Ethernet472,400000,,
sc02-sn6600-ld-fan-j02-u27,Ethernet474,sc02-sn6600-ld-j02-u29,Ethernet474,400000,,
sc02-sn6600-ld-fan-j02-u27,Ethernet476,sc02-sn6600-ld-j02-u29,Ethernet476,800000,,
sc02-sn6600-ld-fan-j02-u27,Ethernet48,sc02-sn6600-ld-j02-u29,Ethernet48,400000,,
sc02-sn6600-ld-fan-j02-u27,Ethernet480,sc02-sn6600-ld-j02-u29,Ethernet480,400000,,
sc02-sn6600-ld-fan-j02-u27,Ethernet482,sc02-sn6600-ld-j02-u29,Ethernet482,400000,,
sc02-sn6600-ld-fan-j02-u27,Ethernet484,sc02-sn6600-ld-j02-u29,Ethernet484,800000,,
sc02-sn6600-ld-fan-j02-u27,Ethernet488,sc02-sn6600-ld-j02-u29,Ethernet488,400000,,
sc02-sn6600-ld-fan-j02-u27,Ethernet490,sc02-sn6600-ld-j02-u29,Ethernet490,400000,,
sc02-sn6600-ld-fan-j02-u27,Ethernet492,sc02-sn6600-ld-j02-u29,Ethernet492,800000,,
sc02-sn6600-ld-fan-j02-u27,Ethernet496,sc02-sn6600-ld-j02-u29,Ethernet496,400000,,
sc02-sn6600-ld-fan-j02-u27,Ethernet498,sc02-sn6600-ld-j02-u29,Ethernet498,400000,,
sc02-sn6600-ld-fan-j02-u27,Ethernet50,sc02-sn6600-ld-j02-u29,Ethernet50,400000,,
sc02-sn6600-ld-fan-j02-u27,Ethernet500,sc02-sn6600-ld-j02-u29,Ethernet500,800000,,
sc02-sn6600-ld-fan-j02-u27,Ethernet504,sc02-sn6600-ld-j02-u29,Ethernet504,400000,,
sc02-sn6600-ld-fan-j02-u27,Ethernet506,sc02-sn6600-ld-j02-u29,Ethernet506,400000,,
sc02-sn6600-ld-fan-j02-u27,Ethernet508,sc02-sn6600-ld-j02-u29,Ethernet508,800000,,
sc02-sn6600-ld-fan-j02-u27,Ethernet52,sc02-sn6600-ld-j02-u29,Ethernet52,800000,,
sc02-sn6600-ld-fan-j02-u27,Ethernet56,sc02-sn6600-ld-j02-u29,Ethernet56,400000,,
sc02-sn6600-ld-fan-j02-u27,Ethernet58,sc02-sn6600-ld-j02-u29,Ethernet58,400000,,
sc02-sn6600-ld-fan-j02-u27,Ethernet60,sc02-sn6600-ld-j02-u29,Ethernet60,800000,,
sc02-sn6600-ld-fan-j02-u27,Ethernet64,sc02-sn6600-ld-j02-u29,Ethernet64,400000,,
sc02-sn6600-ld-fan-j02-u27,Ethernet66,sc02-sn6600-ld-j02-u29,Ethernet66,400000,,
sc02-sn6600-ld-fan-j02-u27,Ethernet68,sc02-sn6600-ld-j02-u29,Ethernet68,800000,,
sc02-sn6600-ld-fan-j02-u27,Ethernet72,sc02-sn6600-ld-j02-u29,Ethernet72,400000,,
sc02-sn6600-ld-fan-j02-u27,Ethernet74,sc02-sn6600-ld-j02-u29,Ethernet74,400000,,
sc02-sn6600-ld-fan-j02-u27,Ethernet76,sc02-sn6600-ld-j02-u29,Ethernet76,800000,,
sc02-sn6600-ld-fan-j02-u27,Ethernet8,sc02-sn6600-ld-j02-u29,Ethernet8,400000,,
sc02-sn6600-ld-fan-j02-u27,Ethernet80,sc02-sn6600-ld-j02-u29,Ethernet80,400000,,
sc02-sn6600-ld-fan-j02-u27,Ethernet82,sc02-sn6600-ld-j02-u29,Ethernet82,400000,,
sc02-sn6600-ld-fan-j02-u27,Ethernet84,sc02-sn6600-ld-j02-u29,Ethernet84,800000,,
sc02-sn6600-ld-fan-j02-u27,Ethernet88,sc02-sn6600-ld-j02-u29,Ethernet88,400000,,
sc02-sn6600-ld-fan-j02-u27,Ethernet90,sc02-sn6600-ld-j02-u29,Ethernet90,400000,,
sc02-sn6600-ld-fan-j02-u27,Ethernet92,sc02-sn6600-ld-j02-u29,Ethernet92,800000,,
sc02-sn6600-ld-fan-j02-u27,Ethernet96,sc02-sn6600-ld-j02-u29,Ethernet96,400000,,
sc02-sn6600-ld-fan-j02-u27,Ethernet98,sc02-sn6600-ld-j02-u29,Ethernet98,400000,,
sc02-sn6600-ld-fan-j02-u31,Ethernet512,sc02-7050cx3-root-k07-u27,Ethernet0,100000,,
sc02-sn6600-ld-fan-j02-u31,Ethernet0,sc02-sn6600-ld-j02-u33,Ethernet0,400000,,
sc02-sn6600-ld-fan-j02-u31,Ethernet10,sc02-sn6600-ld-j02-u33,Ethernet10,400000,,
sc02-sn6600-ld-fan-j02-u31,Ethernet100,sc02-sn6600-ld-j02-u33,Ethernet100,800000,,
sc02-sn6600-ld-fan-j02-u31,Ethernet104,sc02-sn6600-ld-j02-u33,Ethernet104,400000,,
sc02-sn6600-ld-fan-j02-u31,Ethernet106,sc02-sn6600-ld-j02-u33,Ethernet106,400000,,
sc02-sn6600-ld-fan-j02-u31,Ethernet108,sc02-sn6600-ld-j02-u33,Ethernet108,800000,,
sc02-sn6600-ld-fan-j02-u31,Ethernet112,sc02-sn6600-ld-j02-u33,Ethernet112,400000,,
sc02-sn6600-ld-fan-j02-u31,Ethernet114,sc02-sn6600-ld-j02-u33,Ethernet114,400000,,
sc02-sn6600-ld-fan-j02-u31,Ethernet116,sc02-sn6600-ld-j02-u33,Ethernet116,800000,,
sc02-sn6600-ld-fan-j02-u31,Ethernet12,sc02-sn6600-ld-j02-u33,Ethernet12,800000,,
sc02-sn6600-ld-fan-j02-u31,Ethernet120,sc02-sn6600-ld-j02-u33,Ethernet120,400000,,
sc02-sn6600-ld-fan-j02-u31,Ethernet122,sc02-sn6600-ld-j02-u33,Ethernet122,400000,,
sc02-sn6600-ld-fan-j02-u31,Ethernet124,sc02-sn6600-ld-j02-u33,Ethernet124,800000,,
sc02-sn6600-ld-fan-j02-u31,Ethernet128,sc02-sn6600-ld-j02-u33,Ethernet128,400000,,
sc02-sn6600-ld-fan-j02-u31,Ethernet130,sc02-sn6600-ld-j02-u33,Ethernet130,400000,,
sc02-sn6600-ld-fan-j02-u31,Ethernet132,sc02-sn6600-ld-j02-u33,Ethernet132,800000,,
sc02-sn6600-ld-fan-j02-u31,Ethernet136,sc02-sn6600-ld-j02-u33,Ethernet136,400000,,
sc02-sn6600-ld-fan-j02-u31,Ethernet138,sc02-sn6600-ld-j02-u33,Ethernet138,400000,,
sc02-sn6600-ld-fan-j02-u31,Ethernet140,sc02-sn6600-ld-j02-u33,Ethernet140,800000,,
sc02-sn6600-ld-fan-j02-u31,Ethernet144,sc02-sn6600-ld-j02-u33,Ethernet144,400000,,
sc02-sn6600-ld-fan-j02-u31,Ethernet146,sc02-sn6600-ld-j02-u33,Ethernet146,400000,,
sc02-sn6600-ld-fan-j02-u31,Ethernet148,sc02-sn6600-ld-j02-u33,Ethernet148,800000,,
sc02-sn6600-ld-fan-j02-u31,Ethernet152,sc02-sn6600-ld-j02-u33,Ethernet152,400000,,
sc02-sn6600-ld-fan-j02-u31,Ethernet154,sc02-sn6600-ld-j02-u33,Ethernet154,400000,,
sc02-sn6600-ld-fan-j02-u31,Ethernet156,sc02-sn6600-ld-j02-u33,Ethernet156,800000,,
sc02-sn6600-ld-fan-j02-u31,Ethernet16,sc02-sn6600-ld-j02-u33,Ethernet16,400000,,
sc02-sn6600-ld-fan-j02-u31,Ethernet160,sc02-sn6600-ld-j02-u33,Ethernet160,400000,,
sc02-sn6600-ld-fan-j02-u31,Ethernet162,sc02-sn6600-ld-j02-u33,Ethernet162,400000,,
sc02-sn6600-ld-fan-j02-u31,Ethernet164,sc02-sn6600-ld-j02-u33,Ethernet164,800000,,
sc02-sn6600-ld-fan-j02-u31,Ethernet168,sc02-sn6600-ld-j02-u33,Ethernet168,400000,,
sc02-sn6600-ld-fan-j02-u31,Ethernet170,sc02-sn6600-ld-j02-u33,Ethernet170,400000,,
sc02-sn6600-ld-fan-j02-u31,Ethernet172,sc02-sn6600-ld-j02-u33,Ethernet172,800000,,
sc02-sn6600-ld-fan-j02-u31,Ethernet176,sc02-sn6600-ld-j02-u33,Ethernet176,400000,,
sc02-sn6600-ld-fan-j02-u31,Ethernet178,sc02-sn6600-ld-j02-u33,Ethernet178,400000,,
sc02-sn6600-ld-fan-j02-u31,Ethernet18,sc02-sn6600-ld-j02-u33,Ethernet18,400000,,
sc02-sn6600-ld-fan-j02-u31,Ethernet180,sc02-sn6600-ld-j02-u33,Ethernet180,800000,,
sc02-sn6600-ld-fan-j02-u31,Ethernet184,sc02-sn6600-ld-j02-u33,Ethernet184,400000,,
sc02-sn6600-ld-fan-j02-u31,Ethernet186,sc02-sn6600-ld-j02-u33,Ethernet186,400000,,
sc02-sn6600-ld-fan-j02-u31,Ethernet188,sc02-sn6600-ld-j02-u33,Ethernet188,800000,,
sc02-sn6600-ld-fan-j02-u31,Ethernet192,sc02-sn6600-ld-j02-u33,Ethernet192,400000,,
sc02-sn6600-ld-fan-j02-u31,Ethernet194,sc02-sn6600-ld-j02-u33,Ethernet194,400000,,
sc02-sn6600-ld-fan-j02-u31,Ethernet196,sc02-sn6600-ld-j02-u33,Ethernet196,800000,,
sc02-sn6600-ld-fan-j02-u31,Ethernet2,sc02-sn6600-ld-j02-u33,Ethernet2,400000,,
sc02-sn6600-ld-fan-j02-u31,Ethernet20,sc02-sn6600-ld-j02-u33,Ethernet20,800000,,
sc02-sn6600-ld-fan-j02-u31,Ethernet200,sc02-sn6600-ld-j02-u33,Ethernet200,400000,,
sc02-sn6600-ld-fan-j02-u31,Ethernet202,sc02-sn6600-ld-j02-u33,Ethernet202,400000,,
sc02-sn6600-ld-fan-j02-u31,Ethernet204,sc02-sn6600-ld-j02-u33,Ethernet204,800000,,
sc02-sn6600-ld-fan-j02-u31,Ethernet208,sc02-sn6600-ld-j02-u33,Ethernet208,400000,,
sc02-sn6600-ld-fan-j02-u31,Ethernet210,sc02-sn6600-ld-j02-u33,Ethernet210,400000,,
sc02-sn6600-ld-fan-j02-u31,Ethernet212,sc02-sn6600-ld-j02-u33,Ethernet212,800000,,
sc02-sn6600-ld-fan-j02-u31,Ethernet216,sc02-sn6600-ld-j02-u33,Ethernet216,400000,,
sc02-sn6600-ld-fan-j02-u31,Ethernet218,sc02-sn6600-ld-j02-u33,Ethernet218,400000,,
sc02-sn6600-ld-fan-j02-u31,Ethernet220,sc02-sn6600-ld-j02-u33,Ethernet220,800000,,
sc02-sn6600-ld-fan-j02-u31,Ethernet224,sc02-sn6600-ld-j02-u33,Ethernet224,400000,,
sc02-sn6600-ld-fan-j02-u31,Ethernet226,sc02-sn6600-ld-j02-u33,Ethernet226,400000,,
sc02-sn6600-ld-fan-j02-u31,Ethernet228,sc02-sn6600-ld-j02-u33,Ethernet228,800000,,
sc02-sn6600-ld-fan-j02-u31,Ethernet232,sc02-sn6600-ld-j02-u33,Ethernet232,400000,,
sc02-sn6600-ld-fan-j02-u31,Ethernet234,sc02-sn6600-ld-j02-u33,Ethernet234,400000,,
sc02-sn6600-ld-fan-j02-u31,Ethernet236,sc02-sn6600-ld-j02-u33,Ethernet236,800000,,
sc02-sn6600-ld-fan-j02-u31,Ethernet24,sc02-sn6600-ld-j02-u33,Ethernet24,400000,,
sc02-sn6600-ld-fan-j02-u31,Ethernet240,sc02-sn6600-ld-j02-u33,Ethernet240,400000,,
sc02-sn6600-ld-fan-j02-u31,Ethernet242,sc02-sn6600-ld-j02-u33,Ethernet242,400000,,
sc02-sn6600-ld-fan-j02-u31,Ethernet244,sc02-sn6600-ld-j02-u33,Ethernet244,800000,,
sc02-sn6600-ld-fan-j02-u31,Ethernet248,sc02-sn6600-ld-j02-u33,Ethernet248,400000,,
sc02-sn6600-ld-fan-j02-u31,Ethernet250,sc02-sn6600-ld-j02-u33,Ethernet250,400000,,
sc02-sn6600-ld-fan-j02-u31,Ethernet252,sc02-sn6600-ld-j02-u33,Ethernet252,800000,,
sc02-sn6600-ld-fan-j02-u31,Ethernet256,sc02-sn6600-ld-j02-u33,Ethernet256,400000,,
sc02-sn6600-ld-fan-j02-u31,Ethernet258,sc02-sn6600-ld-j02-u33,Ethernet258,400000,,
sc02-sn6600-ld-fan-j02-u31,Ethernet26,sc02-sn6600-ld-j02-u33,Ethernet26,400000,,
sc02-sn6600-ld-fan-j02-u31,Ethernet260,sc02-sn6600-ld-j02-u33,Ethernet260,800000,,
sc02-sn6600-ld-fan-j02-u31,Ethernet264,sc02-sn6600-ld-j02-u33,Ethernet264,400000,,
sc02-sn6600-ld-fan-j02-u31,Ethernet266,sc02-sn6600-ld-j02-u33,Ethernet266,400000,,
sc02-sn6600-ld-fan-j02-u31,Ethernet268,sc02-sn6600-ld-j02-u33,Ethernet268,800000,,
sc02-sn6600-ld-fan-j02-u31,Ethernet272,sc02-sn6600-ld-j02-u33,Ethernet272,400000,,
sc02-sn6600-ld-fan-j02-u31,Ethernet274,sc02-sn6600-ld-j02-u33,Ethernet274,400000,,
sc02-sn6600-ld-fan-j02-u31,Ethernet276,sc02-sn6600-ld-j02-u33,Ethernet276,800000,,
sc02-sn6600-ld-fan-j02-u31,Ethernet28,sc02-sn6600-ld-j02-u33,Ethernet28,800000,,
sc02-sn6600-ld-fan-j02-u31,Ethernet280,sc02-sn6600-ld-j02-u33,Ethernet280,400000,,
sc02-sn6600-ld-fan-j02-u31,Ethernet282,sc02-sn6600-ld-j02-u33,Ethernet282,400000,,
sc02-sn6600-ld-fan-j02-u31,Ethernet284,sc02-sn6600-ld-j02-u33,Ethernet284,800000,,
sc02-sn6600-ld-fan-j02-u31,Ethernet288,sc02-sn6600-ld-j02-u33,Ethernet288,400000,,
sc02-sn6600-ld-fan-j02-u31,Ethernet290,sc02-sn6600-ld-j02-u33,Ethernet290,400000,,
sc02-sn6600-ld-fan-j02-u31,Ethernet292,sc02-sn6600-ld-j02-u33,Ethernet292,800000,,
sc02-sn6600-ld-fan-j02-u31,Ethernet296,sc02-sn6600-ld-j02-u33,Ethernet296,400000,,
sc02-sn6600-ld-fan-j02-u31,Ethernet298,sc02-sn6600-ld-j02-u33,Ethernet298,400000,,
sc02-sn6600-ld-fan-j02-u31,Ethernet300,sc02-sn6600-ld-j02-u33,Ethernet300,800000,,
sc02-sn6600-ld-fan-j02-u31,Ethernet304,sc02-sn6600-ld-j02-u33,Ethernet304,400000,,
sc02-sn6600-ld-fan-j02-u31,Ethernet306,sc02-sn6600-ld-j02-u33,Ethernet306,400000,,
sc02-sn6600-ld-fan-j02-u31,Ethernet308,sc02-sn6600-ld-j02-u33,Ethernet308,800000,,
sc02-sn6600-ld-fan-j02-u31,Ethernet312,sc02-sn6600-ld-j02-u33,Ethernet312,400000,,
sc02-sn6600-ld-fan-j02-u31,Ethernet314,sc02-sn6600-ld-j02-u33,Ethernet314,400000,,
sc02-sn6600-ld-fan-j02-u31,Ethernet316,sc02-sn6600-ld-j02-u33,Ethernet316,800000,,
sc02-sn6600-ld-fan-j02-u31,Ethernet32,sc02-sn6600-ld-j02-u33,Ethernet32,400000,,
sc02-sn6600-ld-fan-j02-u31,Ethernet320,sc02-sn6600-ld-j02-u33,Ethernet320,400000,,
sc02-sn6600-ld-fan-j02-u31,Ethernet322,sc02-sn6600-ld-j02-u33,Ethernet322,400000,,
sc02-sn6600-ld-fan-j02-u31,Ethernet324,sc02-sn6600-ld-j02-u33,Ethernet324,800000,,
sc02-sn6600-ld-fan-j02-u31,Ethernet328,sc02-sn6600-ld-j02-u33,Ethernet328,400000,,
sc02-sn6600-ld-fan-j02-u31,Ethernet330,sc02-sn6600-ld-j02-u33,Ethernet330,400000,,
sc02-sn6600-ld-fan-j02-u31,Ethernet332,sc02-sn6600-ld-j02-u33,Ethernet332,800000,,
sc02-sn6600-ld-fan-j02-u31,Ethernet336,sc02-sn6600-ld-j02-u33,Ethernet336,400000,,
sc02-sn6600-ld-fan-j02-u31,Ethernet338,sc02-sn6600-ld-j02-u33,Ethernet338,400000,,
sc02-sn6600-ld-fan-j02-u31,Ethernet34,sc02-sn6600-ld-j02-u33,Ethernet34,400000,,
sc02-sn6600-ld-fan-j02-u31,Ethernet340,sc02-sn6600-ld-j02-u33,Ethernet340,800000,,
sc02-sn6600-ld-fan-j02-u31,Ethernet344,sc02-sn6600-ld-j02-u33,Ethernet344,400000,,
sc02-sn6600-ld-fan-j02-u31,Ethernet346,sc02-sn6600-ld-j02-u33,Ethernet346,400000,,
sc02-sn6600-ld-fan-j02-u31,Ethernet348,sc02-sn6600-ld-j02-u33,Ethernet348,800000,,
sc02-sn6600-ld-fan-j02-u31,Ethernet352,sc02-sn6600-ld-j02-u33,Ethernet352,400000,,
sc02-sn6600-ld-fan-j02-u31,Ethernet354,sc02-sn6600-ld-j02-u33,Ethernet354,400000,,
sc02-sn6600-ld-fan-j02-u31,Ethernet356,sc02-sn6600-ld-j02-u33,Ethernet356,800000,,
sc02-sn6600-ld-fan-j02-u31,Ethernet36,sc02-sn6600-ld-j02-u33,Ethernet36,800000,,
sc02-sn6600-ld-fan-j02-u31,Ethernet360,sc02-sn6600-ld-j02-u33,Ethernet360,400000,,
sc02-sn6600-ld-fan-j02-u31,Ethernet362,sc02-sn6600-ld-j02-u33,Ethernet362,400000,,
sc02-sn6600-ld-fan-j02-u31,Ethernet364,sc02-sn6600-ld-j02-u33,Ethernet364,800000,,
sc02-sn6600-ld-fan-j02-u31,Ethernet368,sc02-sn6600-ld-j02-u33,Ethernet368,400000,,
sc02-sn6600-ld-fan-j02-u31,Ethernet370,sc02-sn6600-ld-j02-u33,Ethernet370,400000,,
sc02-sn6600-ld-fan-j02-u31,Ethernet372,sc02-sn6600-ld-j02-u33,Ethernet372,800000,,
sc02-sn6600-ld-fan-j02-u31,Ethernet376,sc02-sn6600-ld-j02-u33,Ethernet376,400000,,
sc02-sn6600-ld-fan-j02-u31,Ethernet378,sc02-sn6600-ld-j02-u33,Ethernet378,400000,,
sc02-sn6600-ld-fan-j02-u31,Ethernet380,sc02-sn6600-ld-j02-u33,Ethernet380,800000,,
sc02-sn6600-ld-fan-j02-u31,Ethernet384,sc02-sn6600-ld-j02-u33,Ethernet384,400000,,
sc02-sn6600-ld-fan-j02-u31,Ethernet386,sc02-sn6600-ld-j02-u33,Ethernet386,400000,,
sc02-sn6600-ld-fan-j02-u31,Ethernet388,sc02-sn6600-ld-j02-u33,Ethernet388,800000,,
sc02-sn6600-ld-fan-j02-u31,Ethernet392,sc02-sn6600-ld-j02-u33,Ethernet392,400000,,
sc02-sn6600-ld-fan-j02-u31,Ethernet394,sc02-sn6600-ld-j02-u33,Ethernet394,400000,,
sc02-sn6600-ld-fan-j02-u31,Ethernet396,sc02-sn6600-ld-j02-u33,Ethernet396,800000,,
sc02-sn6600-ld-fan-j02-u31,Ethernet4,sc02-sn6600-ld-j02-u33,Ethernet4,800000,,
sc02-sn6600-ld-fan-j02-u31,Ethernet40,sc02-sn6600-ld-j02-u33,Ethernet40,400000,,
sc02-sn6600-ld-fan-j02-u31,Ethernet400,sc02-sn6600-ld-j02-u33,Ethernet400,400000,,
sc02-sn6600-ld-fan-j02-u31,Ethernet402,sc02-sn6600-ld-j02-u33,Ethernet402,400000,,
sc02-sn6600-ld-fan-j02-u31,Ethernet404,sc02-sn6600-ld-j02-u33,Ethernet404,800000,,
sc02-sn6600-ld-fan-j02-u31,Ethernet408,sc02-sn6600-ld-j02-u33,Ethernet408,400000,,
sc02-sn6600-ld-fan-j02-u31,Ethernet410,sc02-sn6600-ld-j02-u33,Ethernet410,400000,,
sc02-sn6600-ld-fan-j02-u31,Ethernet412,sc02-sn6600-ld-j02-u33,Ethernet412,800000,,
sc02-sn6600-ld-fan-j02-u31,Ethernet416,sc02-sn6600-ld-j02-u33,Ethernet416,400000,,
sc02-sn6600-ld-fan-j02-u31,Ethernet418,sc02-sn6600-ld-j02-u33,Ethernet418,400000,,
sc02-sn6600-ld-fan-j02-u31,Ethernet42,sc02-sn6600-ld-j02-u33,Ethernet42,400000,,
sc02-sn6600-ld-fan-j02-u31,Ethernet420,sc02-sn6600-ld-j02-u33,Ethernet420,800000,,
sc02-sn6600-ld-fan-j02-u31,Ethernet424,sc02-sn6600-ld-j02-u33,Ethernet424,400000,,
sc02-sn6600-ld-fan-j02-u31,Ethernet426,sc02-sn6600-ld-j02-u33,Ethernet426,400000,,
sc02-sn6600-ld-fan-j02-u31,Ethernet428,sc02-sn6600-ld-j02-u33,Ethernet428,800000,,
sc02-sn6600-ld-fan-j02-u31,Ethernet432,sc02-sn6600-ld-j02-u33,Ethernet432,400000,,
sc02-sn6600-ld-fan-j02-u31,Ethernet434,sc02-sn6600-ld-j02-u33,Ethernet434,400000,,
sc02-sn6600-ld-fan-j02-u31,Ethernet436,sc02-sn6600-ld-j02-u33,Ethernet436,800000,,
sc02-sn6600-ld-fan-j02-u31,Ethernet44,sc02-sn6600-ld-j02-u33,Ethernet44,800000,,
sc02-sn6600-ld-fan-j02-u31,Ethernet440,sc02-sn6600-ld-j02-u33,Ethernet440,400000,,
sc02-sn6600-ld-fan-j02-u31,Ethernet442,sc02-sn6600-ld-j02-u33,Ethernet442,400000,,
sc02-sn6600-ld-fan-j02-u31,Ethernet444,sc02-sn6600-ld-j02-u33,Ethernet444,800000,,
sc02-sn6600-ld-fan-j02-u31,Ethernet448,sc02-sn6600-ld-j02-u33,Ethernet448,400000,,
sc02-sn6600-ld-fan-j02-u31,Ethernet450,sc02-sn6600-ld-j02-u33,Ethernet450,400000,,
sc02-sn6600-ld-fan-j02-u31,Ethernet452,sc02-sn6600-ld-j02-u33,Ethernet452,800000,,
sc02-sn6600-ld-fan-j02-u31,Ethernet456,sc02-sn6600-ld-j02-u33,Ethernet456,400000,,
sc02-sn6600-ld-fan-j02-u31,Ethernet458,sc02-sn6600-ld-j02-u33,Ethernet458,400000,,
sc02-sn6600-ld-fan-j02-u31,Ethernet460,sc02-sn6600-ld-j02-u33,Ethernet460,800000,,
sc02-sn6600-ld-fan-j02-u31,Ethernet464,sc02-sn6600-ld-j02-u33,Ethernet464,400000,,
sc02-sn6600-ld-fan-j02-u31,Ethernet466,sc02-sn6600-ld-j02-u33,Ethernet466,400000,,
sc02-sn6600-ld-fan-j02-u31,Ethernet468,sc02-sn6600-ld-j02-u33,Ethernet468,800000,,
sc02-sn6600-ld-fan-j02-u31,Ethernet472,sc02-sn6600-ld-j02-u33,Ethernet472,400000,,
sc02-sn6600-ld-fan-j02-u31,Ethernet474,sc02-sn6600-ld-j02-u33,Ethernet474,400000,,
sc02-sn6600-ld-fan-j02-u31,Ethernet476,sc02-sn6600-ld-j02-u33,Ethernet476,800000,,
sc02-sn6600-ld-fan-j02-u31,Ethernet48,sc02-sn6600-ld-j02-u33,Ethernet48,400000,,
sc02-sn6600-ld-fan-j02-u31,Ethernet480,sc02-sn6600-ld-j02-u33,Ethernet480,400000,,
sc02-sn6600-ld-fan-j02-u31,Ethernet482,sc02-sn6600-ld-j02-u33,Ethernet482,400000,,
sc02-sn6600-ld-fan-j02-u31,Ethernet484,sc02-sn6600-ld-j02-u33,Ethernet484,800000,,
sc02-sn6600-ld-fan-j02-u31,Ethernet488,sc02-sn6600-ld-j02-u33,Ethernet488,400000,,
sc02-sn6600-ld-fan-j02-u31,Ethernet490,sc02-sn6600-ld-j02-u33,Ethernet490,400000,,
sc02-sn6600-ld-fan-j02-u31,Ethernet492,sc02-sn6600-ld-j02-u33,Ethernet492,800000,,
sc02-sn6600-ld-fan-j02-u31,Ethernet496,sc02-sn6600-ld-j02-u33,Ethernet496,400000,,
sc02-sn6600-ld-fan-j02-u31,Ethernet498,sc02-sn6600-ld-j02-u33,Ethernet498,400000,,
sc02-sn6600-ld-fan-j02-u31,Ethernet50,sc02-sn6600-ld-j02-u33,Ethernet50,400000,,
sc02-sn6600-ld-fan-j02-u31,Ethernet500,sc02-sn6600-ld-j02-u33,Ethernet500,800000,,
sc02-sn6600-ld-fan-j02-u31,Ethernet504,sc02-sn6600-ld-j02-u33,Ethernet504,400000,,
sc02-sn6600-ld-fan-j02-u31,Ethernet506,sc02-sn6600-ld-j02-u33,Ethernet506,400000,,
sc02-sn6600-ld-fan-j02-u31,Ethernet508,sc02-sn6600-ld-j02-u33,Ethernet508,800000,,
sc02-sn6600-ld-fan-j02-u31,Ethernet52,sc02-sn6600-ld-j02-u33,Ethernet52,800000,,
sc02-sn6600-ld-fan-j02-u31,Ethernet56,sc02-sn6600-ld-j02-u33,Ethernet56,400000,,
sc02-sn6600-ld-fan-j02-u31,Ethernet58,sc02-sn6600-ld-j02-u33,Ethernet58,400000,,
sc02-sn6600-ld-fan-j02-u31,Ethernet60,sc02-sn6600-ld-j02-u33,Ethernet60,800000,,
sc02-sn6600-ld-fan-j02-u31,Ethernet64,sc02-sn6600-ld-j02-u33,Ethernet64,400000,,
sc02-sn6600-ld-fan-j02-u31,Ethernet66,sc02-sn6600-ld-j02-u33,Ethernet66,400000,,
sc02-sn6600-ld-fan-j02-u31,Ethernet68,sc02-sn6600-ld-j02-u33,Ethernet68,800000,,
sc02-sn6600-ld-fan-j02-u31,Ethernet72,sc02-sn6600-ld-j02-u33,Ethernet72,400000,,
sc02-sn6600-ld-fan-j02-u31,Ethernet74,sc02-sn6600-ld-j02-u33,Ethernet74,400000,,
sc02-sn6600-ld-fan-j02-u31,Ethernet76,sc02-sn6600-ld-j02-u33,Ethernet76,800000,,
sc02-sn6600-ld-fan-j02-u31,Ethernet8,sc02-sn6600-ld-j02-u33,Ethernet8,400000,,
sc02-sn6600-ld-fan-j02-u31,Ethernet80,sc02-sn6600-ld-j02-u33,Ethernet80,400000,,
sc02-sn6600-ld-fan-j02-u31,Ethernet82,sc02-sn6600-ld-j02-u33,Ethernet82,400000,,
sc02-sn6600-ld-fan-j02-u31,Ethernet84,sc02-sn6600-ld-j02-u33,Ethernet84,800000,,
sc02-sn6600-ld-fan-j02-u31,Ethernet88,sc02-sn6600-ld-j02-u33,Ethernet88,400000,,
sc02-sn6600-ld-fan-j02-u31,Ethernet90,sc02-sn6600-ld-j02-u33,Ethernet90,400000,,
sc02-sn6600-ld-fan-j02-u31,Ethernet92,sc02-sn6600-ld-j02-u33,Ethernet92,800000,,
sc02-sn6600-ld-fan-j02-u31,Ethernet96,sc02-sn6600-ld-j02-u33,Ethernet96,400000,,
sc02-sn6600-ld-fan-j02-u31,Ethernet98,sc02-sn6600-ld-j02-u33,Ethernet98,400000,,
sc02-sn6600-ld-fan-j05-u19,Ethernet512,sc02-7050cx3-root-k06-u27,Ethernet12,100000,,
sc02-sn6600-ld-fan-j05-u19,Ethernet0,sc02-sn6600-ld-j05-u21,Ethernet0,800000,,
sc02-sn6600-ld-fan-j05-u19,Ethernet100,sc02-sn6600-ld-j05-u21,Ethernet100,800000,,
sc02-sn6600-ld-fan-j05-u19,Ethernet104,sc02-sn6600-ld-j05-u21,Ethernet104,800000,,
sc02-sn6600-ld-fan-j05-u19,Ethernet108,sc02-sn6600-ld-j05-u21,Ethernet108,800000,,
sc02-sn6600-ld-fan-j05-u19,Ethernet112,sc02-sn6600-ld-j05-u21,Ethernet112,800000,,
sc02-sn6600-ld-fan-j05-u19,Ethernet116,sc02-sn6600-ld-j05-u21,Ethernet116,800000,,
sc02-sn6600-ld-fan-j05-u19,Ethernet12,sc02-sn6600-ld-j05-u21,Ethernet12,800000,,
sc02-sn6600-ld-fan-j05-u19,Ethernet120,sc02-sn6600-ld-j05-u21,Ethernet120,800000,,
sc02-sn6600-ld-fan-j05-u19,Ethernet124,sc02-sn6600-ld-j05-u21,Ethernet124,800000,,
sc02-sn6600-ld-fan-j05-u19,Ethernet128,sc02-sn6600-ld-j05-u21,Ethernet128,800000,,
sc02-sn6600-ld-fan-j05-u19,Ethernet132,sc02-sn6600-ld-j05-u21,Ethernet132,800000,,
sc02-sn6600-ld-fan-j05-u19,Ethernet136,sc02-sn6600-ld-j05-u21,Ethernet136,800000,,
sc02-sn6600-ld-fan-j05-u19,Ethernet140,sc02-sn6600-ld-j05-u21,Ethernet140,800000,,
sc02-sn6600-ld-fan-j05-u19,Ethernet144,sc02-sn6600-ld-j05-u21,Ethernet144,800000,,
sc02-sn6600-ld-fan-j05-u19,Ethernet148,sc02-sn6600-ld-j05-u21,Ethernet148,800000,,
sc02-sn6600-ld-fan-j05-u19,Ethernet152,sc02-sn6600-ld-j05-u21,Ethernet152,800000,,
sc02-sn6600-ld-fan-j05-u19,Ethernet156,sc02-sn6600-ld-j05-u21,Ethernet156,800000,,
sc02-sn6600-ld-fan-j05-u19,Ethernet16,sc02-sn6600-ld-j05-u21,Ethernet16,800000,,
sc02-sn6600-ld-fan-j05-u19,Ethernet160,sc02-sn6600-ld-j05-u21,Ethernet160,800000,,
sc02-sn6600-ld-fan-j05-u19,Ethernet164,sc02-sn6600-ld-j05-u21,Ethernet164,800000,,
sc02-sn6600-ld-fan-j05-u19,Ethernet168,sc02-sn6600-ld-j05-u21,Ethernet168,800000,,
sc02-sn6600-ld-fan-j05-u19,Ethernet172,sc02-sn6600-ld-j05-u21,Ethernet172,800000,,
sc02-sn6600-ld-fan-j05-u19,Ethernet176,sc02-sn6600-ld-j05-u21,Ethernet176,800000,,
sc02-sn6600-ld-fan-j05-u19,Ethernet180,sc02-sn6600-ld-j05-u21,Ethernet180,800000,,
sc02-sn6600-ld-fan-j05-u19,Ethernet184,sc02-sn6600-ld-j05-u21,Ethernet184,800000,,
sc02-sn6600-ld-fan-j05-u19,Ethernet188,sc02-sn6600-ld-j05-u21,Ethernet188,800000,,
sc02-sn6600-ld-fan-j05-u19,Ethernet192,sc02-sn6600-ld-j05-u21,Ethernet192,800000,,
sc02-sn6600-ld-fan-j05-u19,Ethernet196,sc02-sn6600-ld-j05-u21,Ethernet196,800000,,
sc02-sn6600-ld-fan-j05-u19,Ethernet20,sc02-sn6600-ld-j05-u21,Ethernet20,800000,,
sc02-sn6600-ld-fan-j05-u19,Ethernet200,sc02-sn6600-ld-j05-u21,Ethernet200,800000,,
sc02-sn6600-ld-fan-j05-u19,Ethernet204,sc02-sn6600-ld-j05-u21,Ethernet204,800000,,
sc02-sn6600-ld-fan-j05-u19,Ethernet208,sc02-sn6600-ld-j05-u21,Ethernet208,800000,,
sc02-sn6600-ld-fan-j05-u19,Ethernet212,sc02-sn6600-ld-j05-u21,Ethernet212,800000,,
sc02-sn6600-ld-fan-j05-u19,Ethernet216,sc02-sn6600-ld-j05-u21,Ethernet216,800000,,
sc02-sn6600-ld-fan-j05-u19,Ethernet220,sc02-sn6600-ld-j05-u21,Ethernet220,800000,,
sc02-sn6600-ld-fan-j05-u19,Ethernet224,sc02-sn6600-ld-j05-u21,Ethernet224,800000,,
sc02-sn6600-ld-fan-j05-u19,Ethernet228,sc02-sn6600-ld-j05-u21,Ethernet228,800000,,
sc02-sn6600-ld-fan-j05-u19,Ethernet232,sc02-sn6600-ld-j05-u21,Ethernet232,800000,,
sc02-sn6600-ld-fan-j05-u19,Ethernet236,sc02-sn6600-ld-j05-u21,Ethernet236,800000,,
sc02-sn6600-ld-fan-j05-u19,Ethernet24,sc02-sn6600-ld-j05-u21,Ethernet24,800000,,
sc02-sn6600-ld-fan-j05-u19,Ethernet240,sc02-sn6600-ld-j05-u21,Ethernet240,800000,,
sc02-sn6600-ld-fan-j05-u19,Ethernet244,sc02-sn6600-ld-j05-u21,Ethernet244,800000,,
sc02-sn6600-ld-fan-j05-u19,Ethernet248,sc02-sn6600-ld-j05-u21,Ethernet248,800000,,
sc02-sn6600-ld-fan-j05-u19,Ethernet252,sc02-sn6600-ld-j05-u21,Ethernet252,800000,,
sc02-sn6600-ld-fan-j05-u19,Ethernet256,sc02-sn6600-ld-j05-u21,Ethernet256,800000,,
sc02-sn6600-ld-fan-j05-u19,Ethernet260,sc02-sn6600-ld-j05-u21,Ethernet260,800000,,
sc02-sn6600-ld-fan-j05-u19,Ethernet264,sc02-sn6600-ld-j05-u21,Ethernet264,800000,,
sc02-sn6600-ld-fan-j05-u19,Ethernet268,sc02-sn6600-ld-j05-u21,Ethernet268,800000,,
sc02-sn6600-ld-fan-j05-u19,Ethernet272,sc02-sn6600-ld-j05-u21,Ethernet272,800000,,
sc02-sn6600-ld-fan-j05-u19,Ethernet276,sc02-sn6600-ld-j05-u21,Ethernet276,800000,,
sc02-sn6600-ld-fan-j05-u19,Ethernet28,sc02-sn6600-ld-j05-u21,Ethernet28,800000,,
sc02-sn6600-ld-fan-j05-u19,Ethernet280,sc02-sn6600-ld-j05-u21,Ethernet280,800000,,
sc02-sn6600-ld-fan-j05-u19,Ethernet284,sc02-sn6600-ld-j05-u21,Ethernet284,800000,,
sc02-sn6600-ld-fan-j05-u19,Ethernet288,sc02-sn6600-ld-j05-u21,Ethernet288,800000,,
sc02-sn6600-ld-fan-j05-u19,Ethernet292,sc02-sn6600-ld-j05-u21,Ethernet292,800000,,
sc02-sn6600-ld-fan-j05-u19,Ethernet296,sc02-sn6600-ld-j05-u21,Ethernet296,800000,,
sc02-sn6600-ld-fan-j05-u19,Ethernet300,sc02-sn6600-ld-j05-u21,Ethernet300,800000,,
sc02-sn6600-ld-fan-j05-u19,Ethernet304,sc02-sn6600-ld-j05-u21,Ethernet304,800000,,
sc02-sn6600-ld-fan-j05-u19,Ethernet308,sc02-sn6600-ld-j05-u21,Ethernet308,800000,,
sc02-sn6600-ld-fan-j05-u19,Ethernet312,sc02-sn6600-ld-j05-u21,Ethernet312,800000,,
sc02-sn6600-ld-fan-j05-u19,Ethernet316,sc02-sn6600-ld-j05-u21,Ethernet316,800000,,
sc02-sn6600-ld-fan-j05-u19,Ethernet32,sc02-sn6600-ld-j05-u21,Ethernet32,800000,,
sc02-sn6600-ld-fan-j05-u19,Ethernet320,sc02-sn6600-ld-j05-u21,Ethernet320,800000,,
sc02-sn6600-ld-fan-j05-u19,Ethernet324,sc02-sn6600-ld-j05-u21,Ethernet324,800000,,
sc02-sn6600-ld-fan-j05-u19,Ethernet328,sc02-sn6600-ld-j05-u21,Ethernet328,800000,,
sc02-sn6600-ld-fan-j05-u19,Ethernet332,sc02-sn6600-ld-j05-u21,Ethernet332,800000,,
sc02-sn6600-ld-fan-j05-u19,Ethernet336,sc02-sn6600-ld-j05-u21,Ethernet336,800000,,
sc02-sn6600-ld-fan-j05-u19,Ethernet340,sc02-sn6600-ld-j05-u21,Ethernet340,800000,,
sc02-sn6600-ld-fan-j05-u19,Ethernet344,sc02-sn6600-ld-j05-u21,Ethernet344,800000,,
sc02-sn6600-ld-fan-j05-u19,Ethernet348,sc02-sn6600-ld-j05-u21,Ethernet348,800000,,
sc02-sn6600-ld-fan-j05-u19,Ethernet352,sc02-sn6600-ld-j05-u21,Ethernet352,800000,,
sc02-sn6600-ld-fan-j05-u19,Ethernet356,sc02-sn6600-ld-j05-u21,Ethernet356,800000,,
sc02-sn6600-ld-fan-j05-u19,Ethernet36,sc02-sn6600-ld-j05-u21,Ethernet36,800000,,
sc02-sn6600-ld-fan-j05-u19,Ethernet360,sc02-sn6600-ld-j05-u21,Ethernet360,800000,,
sc02-sn6600-ld-fan-j05-u19,Ethernet364,sc02-sn6600-ld-j05-u21,Ethernet364,800000,,
sc02-sn6600-ld-fan-j05-u19,Ethernet368,sc02-sn6600-ld-j05-u21,Ethernet368,800000,,
sc02-sn6600-ld-fan-j05-u19,Ethernet372,sc02-sn6600-ld-j05-u21,Ethernet372,800000,,
sc02-sn6600-ld-fan-j05-u19,Ethernet376,sc02-sn6600-ld-j05-u21,Ethernet376,800000,,
sc02-sn6600-ld-fan-j05-u19,Ethernet380,sc02-sn6600-ld-j05-u21,Ethernet380,800000,,
sc02-sn6600-ld-fan-j05-u19,Ethernet384,sc02-sn6600-ld-j05-u21,Ethernet384,800000,,
sc02-sn6600-ld-fan-j05-u19,Ethernet388,sc02-sn6600-ld-j05-u21,Ethernet388,800000,,
sc02-sn6600-ld-fan-j05-u19,Ethernet392,sc02-sn6600-ld-j05-u21,Ethernet392,800000,,
sc02-sn6600-ld-fan-j05-u19,Ethernet396,sc02-sn6600-ld-j05-u21,Ethernet396,800000,,
sc02-sn6600-ld-fan-j05-u19,Ethernet4,sc02-sn6600-ld-j05-u21,Ethernet4,800000,,
sc02-sn6600-ld-fan-j05-u19,Ethernet40,sc02-sn6600-ld-j05-u21,Ethernet40,800000,,
sc02-sn6600-ld-fan-j05-u19,Ethernet400,sc02-sn6600-ld-j05-u21,Ethernet400,800000,,
sc02-sn6600-ld-fan-j05-u19,Ethernet404,sc02-sn6600-ld-j05-u21,Ethernet404,800000,,
sc02-sn6600-ld-fan-j05-u19,Ethernet408,sc02-sn6600-ld-j05-u21,Ethernet408,800000,,
sc02-sn6600-ld-fan-j05-u19,Ethernet412,sc02-sn6600-ld-j05-u21,Ethernet412,800000,,
sc02-sn6600-ld-fan-j05-u19,Ethernet416,sc02-sn6600-ld-j05-u21,Ethernet416,800000,,
sc02-sn6600-ld-fan-j05-u19,Ethernet420,sc02-sn6600-ld-j05-u21,Ethernet420,800000,,
sc02-sn6600-ld-fan-j05-u19,Ethernet424,sc02-sn6600-ld-j05-u21,Ethernet424,800000,,
sc02-sn6600-ld-fan-j05-u19,Ethernet428,sc02-sn6600-ld-j05-u21,Ethernet428,800000,,
sc02-sn6600-ld-fan-j05-u19,Ethernet432,sc02-sn6600-ld-j05-u21,Ethernet432,800000,,
sc02-sn6600-ld-fan-j05-u19,Ethernet436,sc02-sn6600-ld-j05-u21,Ethernet436,800000,,
sc02-sn6600-ld-fan-j05-u19,Ethernet44,sc02-sn6600-ld-j05-u21,Ethernet44,800000,,
sc02-sn6600-ld-fan-j05-u19,Ethernet440,sc02-sn6600-ld-j05-u21,Ethernet440,800000,,
sc02-sn6600-ld-fan-j05-u19,Ethernet444,sc02-sn6600-ld-j05-u21,Ethernet444,800000,,
sc02-sn6600-ld-fan-j05-u19,Ethernet448,sc02-sn6600-ld-j05-u21,Ethernet448,800000,,
sc02-sn6600-ld-fan-j05-u19,Ethernet452,sc02-sn6600-ld-j05-u21,Ethernet452,800000,,
sc02-sn6600-ld-fan-j05-u19,Ethernet456,sc02-sn6600-ld-j05-u21,Ethernet456,800000,,
sc02-sn6600-ld-fan-j05-u19,Ethernet460,sc02-sn6600-ld-j05-u21,Ethernet460,800000,,
sc02-sn6600-ld-fan-j05-u19,Ethernet464,sc02-sn6600-ld-j05-u21,Ethernet464,800000,,
sc02-sn6600-ld-fan-j05-u19,Ethernet468,sc02-sn6600-ld-j05-u21,Ethernet468,800000,,
sc02-sn6600-ld-fan-j05-u19,Ethernet472,sc02-sn6600-ld-j05-u21,Ethernet472,800000,,
sc02-sn6600-ld-fan-j05-u19,Ethernet476,sc02-sn6600-ld-j05-u21,Ethernet476,800000,,
sc02-sn6600-ld-fan-j05-u19,Ethernet48,sc02-sn6600-ld-j05-u21,Ethernet48,800000,,
sc02-sn6600-ld-fan-j05-u19,Ethernet480,sc02-sn6600-ld-j05-u21,Ethernet480,800000,,
sc02-sn6600-ld-fan-j05-u19,Ethernet484,sc02-sn6600-ld-j05-u21,Ethernet484,800000,,
sc02-sn6600-ld-fan-j05-u19,Ethernet488,sc02-sn6600-ld-j05-u21,Ethernet488,800000,,
sc02-sn6600-ld-fan-j05-u19,Ethernet492,sc02-sn6600-ld-j05-u21,Ethernet492,800000,,
sc02-sn6600-ld-fan-j05-u19,Ethernet496,sc02-sn6600-ld-j05-u21,Ethernet496,800000,,
sc02-sn6600-ld-fan-j05-u19,Ethernet500,sc02-sn6600-ld-j05-u21,Ethernet500,800000,,
sc02-sn6600-ld-fan-j05-u19,Ethernet504,sc02-sn6600-ld-j05-u21,Ethernet504,800000,,
sc02-sn6600-ld-fan-j05-u19,Ethernet508,sc02-sn6600-ld-j05-u21,Ethernet508,800000,,
sc02-sn6600-ld-fan-j05-u19,Ethernet52,sc02-sn6600-ld-j05-u21,Ethernet52,800000,,
sc02-sn6600-ld-fan-j05-u19,Ethernet56,sc02-sn6600-ld-j05-u21,Ethernet56,800000,,
sc02-sn6600-ld-fan-j05-u19,Ethernet60,sc02-sn6600-ld-j05-u21,Ethernet60,800000,,
sc02-sn6600-ld-fan-j05-u19,Ethernet64,sc02-sn6600-ld-j05-u21,Ethernet64,800000,,
sc02-sn6600-ld-fan-j05-u19,Ethernet68,sc02-sn6600-ld-j05-u21,Ethernet68,800000,,
sc02-sn6600-ld-fan-j05-u19,Ethernet72,sc02-sn6600-ld-j05-u21,Ethernet72,800000,,
sc02-sn6600-ld-fan-j05-u19,Ethernet76,sc02-sn6600-ld-j05-u21,Ethernet76,800000,,
sc02-sn6600-ld-fan-j05-u19,Ethernet8,sc02-sn6600-ld-j05-u21,Ethernet8,800000,,
sc02-sn6600-ld-fan-j05-u19,Ethernet80,sc02-sn6600-ld-j05-u21,Ethernet80,800000,,
sc02-sn6600-ld-fan-j05-u19,Ethernet84,sc02-sn6600-ld-j05-u21,Ethernet84,800000,,
sc02-sn6600-ld-fan-j05-u19,Ethernet88,sc02-sn6600-ld-j05-u21,Ethernet88,800000,,
sc02-sn6600-ld-fan-j05-u19,Ethernet92,sc02-sn6600-ld-j05-u21,Ethernet92,800000,,
sc02-sn6600-ld-fan-j05-u19,Ethernet96,sc02-sn6600-ld-j05-u21,Ethernet96,800000,,
sc02-sn6600-ld-fan-j05-u23,Ethernet512,sc02-7050cx3-root-k06-u27,Ethernet8,100000,,
sc02-sn6600-ld-fan-j05-u23,Ethernet0,sc02-sn6600-ld-j05-u25,Ethernet0,800000,,
sc02-sn6600-ld-fan-j05-u23,Ethernet100,sc02-sn6600-ld-j05-u25,Ethernet100,800000,,
sc02-sn6600-ld-fan-j05-u23,Ethernet104,sc02-sn6600-ld-j05-u25,Ethernet104,800000,,
sc02-sn6600-ld-fan-j05-u23,Ethernet108,sc02-sn6600-ld-j05-u25,Ethernet108,800000,,
sc02-sn6600-ld-fan-j05-u23,Ethernet112,sc02-sn6600-ld-j05-u25,Ethernet112,800000,,
sc02-sn6600-ld-fan-j05-u23,Ethernet116,sc02-sn6600-ld-j05-u25,Ethernet116,800000,,
sc02-sn6600-ld-fan-j05-u23,Ethernet12,sc02-sn6600-ld-j05-u25,Ethernet12,800000,,
sc02-sn6600-ld-fan-j05-u23,Ethernet120,sc02-sn6600-ld-j05-u25,Ethernet120,800000,,
sc02-sn6600-ld-fan-j05-u23,Ethernet124,sc02-sn6600-ld-j05-u25,Ethernet124,800000,,
sc02-sn6600-ld-fan-j05-u23,Ethernet128,sc02-sn6600-ld-j05-u25,Ethernet128,800000,,
sc02-sn6600-ld-fan-j05-u23,Ethernet132,sc02-sn6600-ld-j05-u25,Ethernet132,800000,,
sc02-sn6600-ld-fan-j05-u23,Ethernet136,sc02-sn6600-ld-j05-u25,Ethernet136,800000,,
sc02-sn6600-ld-fan-j05-u23,Ethernet140,sc02-sn6600-ld-j05-u25,Ethernet140,800000,,
sc02-sn6600-ld-fan-j05-u23,Ethernet144,sc02-sn6600-ld-j05-u25,Ethernet144,800000,,
sc02-sn6600-ld-fan-j05-u23,Ethernet148,sc02-sn6600-ld-j05-u25,Ethernet148,800000,,
sc02-sn6600-ld-fan-j05-u23,Ethernet152,sc02-sn6600-ld-j05-u25,Ethernet152,800000,,
sc02-sn6600-ld-fan-j05-u23,Ethernet156,sc02-sn6600-ld-j05-u25,Ethernet156,800000,,
sc02-sn6600-ld-fan-j05-u23,Ethernet16,sc02-sn6600-ld-j05-u25,Ethernet16,800000,,
sc02-sn6600-ld-fan-j05-u23,Ethernet160,sc02-sn6600-ld-j05-u25,Ethernet160,800000,,
sc02-sn6600-ld-fan-j05-u23,Ethernet164,sc02-sn6600-ld-j05-u25,Ethernet164,800000,,
sc02-sn6600-ld-fan-j05-u23,Ethernet168,sc02-sn6600-ld-j05-u25,Ethernet168,800000,,
sc02-sn6600-ld-fan-j05-u23,Ethernet172,sc02-sn6600-ld-j05-u25,Ethernet172,800000,,
sc02-sn6600-ld-fan-j05-u23,Ethernet176,sc02-sn6600-ld-j05-u25,Ethernet176,800000,,
sc02-sn6600-ld-fan-j05-u23,Ethernet180,sc02-sn6600-ld-j05-u25,Ethernet180,800000,,
sc02-sn6600-ld-fan-j05-u23,Ethernet184,sc02-sn6600-ld-j05-u25,Ethernet184,800000,,
sc02-sn6600-ld-fan-j05-u23,Ethernet188,sc02-sn6600-ld-j05-u25,Ethernet188,800000,,
sc02-sn6600-ld-fan-j05-u23,Ethernet192,sc02-sn6600-ld-j05-u25,Ethernet192,800000,,
sc02-sn6600-ld-fan-j05-u23,Ethernet196,sc02-sn6600-ld-j05-u25,Ethernet196,800000,,
sc02-sn6600-ld-fan-j05-u23,Ethernet20,sc02-sn6600-ld-j05-u25,Ethernet20,800000,,
sc02-sn6600-ld-fan-j05-u23,Ethernet200,sc02-sn6600-ld-j05-u25,Ethernet200,800000,,
sc02-sn6600-ld-fan-j05-u23,Ethernet204,sc02-sn6600-ld-j05-u25,Ethernet204,800000,,
sc02-sn6600-ld-fan-j05-u23,Ethernet208,sc02-sn6600-ld-j05-u25,Ethernet208,800000,,
sc02-sn6600-ld-fan-j05-u23,Ethernet212,sc02-sn6600-ld-j05-u25,Ethernet212,800000,,
sc02-sn6600-ld-fan-j05-u23,Ethernet216,sc02-sn6600-ld-j05-u25,Ethernet216,800000,,
sc02-sn6600-ld-fan-j05-u23,Ethernet220,sc02-sn6600-ld-j05-u25,Ethernet220,800000,,
sc02-sn6600-ld-fan-j05-u23,Ethernet224,sc02-sn6600-ld-j05-u25,Ethernet224,800000,,
sc02-sn6600-ld-fan-j05-u23,Ethernet228,sc02-sn6600-ld-j05-u25,Ethernet228,800000,,
sc02-sn6600-ld-fan-j05-u23,Ethernet232,sc02-sn6600-ld-j05-u25,Ethernet232,800000,,
sc02-sn6600-ld-fan-j05-u23,Ethernet236,sc02-sn6600-ld-j05-u25,Ethernet236,800000,,
sc02-sn6600-ld-fan-j05-u23,Ethernet24,sc02-sn6600-ld-j05-u25,Ethernet24,800000,,
sc02-sn6600-ld-fan-j05-u23,Ethernet240,sc02-sn6600-ld-j05-u25,Ethernet240,800000,,
sc02-sn6600-ld-fan-j05-u23,Ethernet244,sc02-sn6600-ld-j05-u25,Ethernet244,800000,,
sc02-sn6600-ld-fan-j05-u23,Ethernet248,sc02-sn6600-ld-j05-u25,Ethernet248,800000,,
sc02-sn6600-ld-fan-j05-u23,Ethernet252,sc02-sn6600-ld-j05-u25,Ethernet252,800000,,
sc02-sn6600-ld-fan-j05-u23,Ethernet256,sc02-sn6600-ld-j05-u25,Ethernet256,800000,,
sc02-sn6600-ld-fan-j05-u23,Ethernet260,sc02-sn6600-ld-j05-u25,Ethernet260,800000,,
sc02-sn6600-ld-fan-j05-u23,Ethernet264,sc02-sn6600-ld-j05-u25,Ethernet264,800000,,
sc02-sn6600-ld-fan-j05-u23,Ethernet268,sc02-sn6600-ld-j05-u25,Ethernet268,800000,,
sc02-sn6600-ld-fan-j05-u23,Ethernet272,sc02-sn6600-ld-j05-u25,Ethernet272,800000,,
sc02-sn6600-ld-fan-j05-u23,Ethernet276,sc02-sn6600-ld-j05-u25,Ethernet276,800000,,
sc02-sn6600-ld-fan-j05-u23,Ethernet28,sc02-sn6600-ld-j05-u25,Ethernet28,800000,,
sc02-sn6600-ld-fan-j05-u23,Ethernet280,sc02-sn6600-ld-j05-u25,Ethernet280,800000,,
sc02-sn6600-ld-fan-j05-u23,Ethernet284,sc02-sn6600-ld-j05-u25,Ethernet284,800000,,
sc02-sn6600-ld-fan-j05-u23,Ethernet288,sc02-sn6600-ld-j05-u25,Ethernet288,800000,,
sc02-sn6600-ld-fan-j05-u23,Ethernet292,sc02-sn6600-ld-j05-u25,Ethernet292,800000,,
sc02-sn6600-ld-fan-j05-u23,Ethernet296,sc02-sn6600-ld-j05-u25,Ethernet296,800000,,
sc02-sn6600-ld-fan-j05-u23,Ethernet300,sc02-sn6600-ld-j05-u25,Ethernet300,800000,,
sc02-sn6600-ld-fan-j05-u23,Ethernet304,sc02-sn6600-ld-j05-u25,Ethernet304,800000,,
sc02-sn6600-ld-fan-j05-u23,Ethernet308,sc02-sn6600-ld-j05-u25,Ethernet308,800000,,
sc02-sn6600-ld-fan-j05-u23,Ethernet312,sc02-sn6600-ld-j05-u25,Ethernet312,800000,,
sc02-sn6600-ld-fan-j05-u23,Ethernet316,sc02-sn6600-ld-j05-u25,Ethernet316,800000,,
sc02-sn6600-ld-fan-j05-u23,Ethernet32,sc02-sn6600-ld-j05-u25,Ethernet32,800000,,
sc02-sn6600-ld-fan-j05-u23,Ethernet320,sc02-sn6600-ld-j05-u25,Ethernet320,800000,,
sc02-sn6600-ld-fan-j05-u23,Ethernet324,sc02-sn6600-ld-j05-u25,Ethernet324,800000,,
sc02-sn6600-ld-fan-j05-u23,Ethernet328,sc02-sn6600-ld-j05-u25,Ethernet328,800000,,
sc02-sn6600-ld-fan-j05-u23,Ethernet332,sc02-sn6600-ld-j05-u25,Ethernet332,800000,,
sc02-sn6600-ld-fan-j05-u23,Ethernet336,sc02-sn6600-ld-j05-u25,Ethernet336,800000,,
sc02-sn6600-ld-fan-j05-u23,Ethernet340,sc02-sn6600-ld-j05-u25,Ethernet340,800000,,
sc02-sn6600-ld-fan-j05-u23,Ethernet344,sc02-sn6600-ld-j05-u25,Ethernet344,800000,,
sc02-sn6600-ld-fan-j05-u23,Ethernet348,sc02-sn6600-ld-j05-u25,Ethernet348,800000,,
sc02-sn6600-ld-fan-j05-u23,Ethernet352,sc02-sn6600-ld-j05-u25,Ethernet352,800000,,
sc02-sn6600-ld-fan-j05-u23,Ethernet356,sc02-sn6600-ld-j05-u25,Ethernet356,800000,,
sc02-sn6600-ld-fan-j05-u23,Ethernet36,sc02-sn6600-ld-j05-u25,Ethernet36,800000,,
sc02-sn6600-ld-fan-j05-u23,Ethernet360,sc02-sn6600-ld-j05-u25,Ethernet360,800000,,
sc02-sn6600-ld-fan-j05-u23,Ethernet364,sc02-sn6600-ld-j05-u25,Ethernet364,800000,,
sc02-sn6600-ld-fan-j05-u23,Ethernet368,sc02-sn6600-ld-j05-u25,Ethernet368,800000,,
sc02-sn6600-ld-fan-j05-u23,Ethernet372,sc02-sn6600-ld-j05-u25,Ethernet372,800000,,
sc02-sn6600-ld-fan-j05-u23,Ethernet376,sc02-sn6600-ld-j05-u25,Ethernet376,800000,,
sc02-sn6600-ld-fan-j05-u23,Ethernet380,sc02-sn6600-ld-j05-u25,Ethernet380,800000,,
sc02-sn6600-ld-fan-j05-u23,Ethernet384,sc02-sn6600-ld-j05-u25,Ethernet384,800000,,
sc02-sn6600-ld-fan-j05-u23,Ethernet388,sc02-sn6600-ld-j05-u25,Ethernet388,800000,,
sc02-sn6600-ld-fan-j05-u23,Ethernet392,sc02-sn6600-ld-j05-u25,Ethernet392,800000,,
sc02-sn6600-ld-fan-j05-u23,Ethernet396,sc02-sn6600-ld-j05-u25,Ethernet396,800000,,
sc02-sn6600-ld-fan-j05-u23,Ethernet4,sc02-sn6600-ld-j05-u25,Ethernet4,800000,,
sc02-sn6600-ld-fan-j05-u23,Ethernet40,sc02-sn6600-ld-j05-u25,Ethernet40,800000,,
sc02-sn6600-ld-fan-j05-u23,Ethernet400,sc02-sn6600-ld-j05-u25,Ethernet400,800000,,
sc02-sn6600-ld-fan-j05-u23,Ethernet404,sc02-sn6600-ld-j05-u25,Ethernet404,800000,,
sc02-sn6600-ld-fan-j05-u23,Ethernet408,sc02-sn6600-ld-j05-u25,Ethernet408,800000,,
sc02-sn6600-ld-fan-j05-u23,Ethernet412,sc02-sn6600-ld-j05-u25,Ethernet412,800000,,
sc02-sn6600-ld-fan-j05-u23,Ethernet416,sc02-sn6600-ld-j05-u25,Ethernet416,800000,,
sc02-sn6600-ld-fan-j05-u23,Ethernet420,sc02-sn6600-ld-j05-u25,Ethernet420,800000,,
sc02-sn6600-ld-fan-j05-u23,Ethernet424,sc02-sn6600-ld-j05-u25,Ethernet424,800000,,
sc02-sn6600-ld-fan-j05-u23,Ethernet428,sc02-sn6600-ld-j05-u25,Ethernet428,800000,,
sc02-sn6600-ld-fan-j05-u23,Ethernet432,sc02-sn6600-ld-j05-u25,Ethernet432,800000,,
sc02-sn6600-ld-fan-j05-u23,Ethernet436,sc02-sn6600-ld-j05-u25,Ethernet436,800000,,
sc02-sn6600-ld-fan-j05-u23,Ethernet44,sc02-sn6600-ld-j05-u25,Ethernet44,800000,,
sc02-sn6600-ld-fan-j05-u23,Ethernet440,sc02-sn6600-ld-j05-u25,Ethernet440,800000,,
sc02-sn6600-ld-fan-j05-u23,Ethernet444,sc02-sn6600-ld-j05-u25,Ethernet444,800000,,
sc02-sn6600-ld-fan-j05-u23,Ethernet448,sc02-sn6600-ld-j05-u25,Ethernet448,800000,,
sc02-sn6600-ld-fan-j05-u23,Ethernet452,sc02-sn6600-ld-j05-u25,Ethernet452,800000,,
sc02-sn6600-ld-fan-j05-u23,Ethernet456,sc02-sn6600-ld-j05-u25,Ethernet456,800000,,
sc02-sn6600-ld-fan-j05-u23,Ethernet460,sc02-sn6600-ld-j05-u25,Ethernet460,800000,,
sc02-sn6600-ld-fan-j05-u23,Ethernet464,sc02-sn6600-ld-j05-u25,Ethernet464,800000,,
sc02-sn6600-ld-fan-j05-u23,Ethernet468,sc02-sn6600-ld-j05-u25,Ethernet468,800000,,
sc02-sn6600-ld-fan-j05-u23,Ethernet472,sc02-sn6600-ld-j05-u25,Ethernet472,800000,,
sc02-sn6600-ld-fan-j05-u23,Ethernet476,sc02-sn6600-ld-j05-u25,Ethernet476,800000,,
sc02-sn6600-ld-fan-j05-u23,Ethernet48,sc02-sn6600-ld-j05-u25,Ethernet48,800000,,
sc02-sn6600-ld-fan-j05-u23,Ethernet480,sc02-sn6600-ld-j05-u25,Ethernet480,800000,,
sc02-sn6600-ld-fan-j05-u23,Ethernet484,sc02-sn6600-ld-j05-u25,Ethernet484,800000,,
sc02-sn6600-ld-fan-j05-u23,Ethernet488,sc02-sn6600-ld-j05-u25,Ethernet488,800000,,
sc02-sn6600-ld-fan-j05-u23,Ethernet492,sc02-sn6600-ld-j05-u25,Ethernet492,800000,,
sc02-sn6600-ld-fan-j05-u23,Ethernet496,sc02-sn6600-ld-j05-u25,Ethernet496,800000,,
sc02-sn6600-ld-fan-j05-u23,Ethernet500,sc02-sn6600-ld-j05-u25,Ethernet500,800000,,
sc02-sn6600-ld-fan-j05-u23,Ethernet504,sc02-sn6600-ld-j05-u25,Ethernet504,800000,,
sc02-sn6600-ld-fan-j05-u23,Ethernet508,sc02-sn6600-ld-j05-u25,Ethernet508,800000,,
sc02-sn6600-ld-fan-j05-u23,Ethernet52,sc02-sn6600-ld-j05-u25,Ethernet52,800000,,
sc02-sn6600-ld-fan-j05-u23,Ethernet56,sc02-sn6600-ld-j05-u25,Ethernet56,800000,,
sc02-sn6600-ld-fan-j05-u23,Ethernet60,sc02-sn6600-ld-j05-u25,Ethernet60,800000,,
sc02-sn6600-ld-fan-j05-u23,Ethernet64,sc02-sn6600-ld-j05-u25,Ethernet64,800000,,
sc02-sn6600-ld-fan-j05-u23,Ethernet68,sc02-sn6600-ld-j05-u25,Ethernet68,800000,,
sc02-sn6600-ld-fan-j05-u23,Ethernet72,sc02-sn6600-ld-j05-u25,Ethernet72,800000,,
sc02-sn6600-ld-fan-j05-u23,Ethernet76,sc02-sn6600-ld-j05-u25,Ethernet76,800000,,
sc02-sn6600-ld-fan-j05-u23,Ethernet8,sc02-sn6600-ld-j05-u25,Ethernet8,800000,,
sc02-sn6600-ld-fan-j05-u23,Ethernet80,sc02-sn6600-ld-j05-u25,Ethernet80,800000,,
sc02-sn6600-ld-fan-j05-u23,Ethernet84,sc02-sn6600-ld-j05-u25,Ethernet84,800000,,
sc02-sn6600-ld-fan-j05-u23,Ethernet88,sc02-sn6600-ld-j05-u25,Ethernet88,800000,,
sc02-sn6600-ld-fan-j05-u23,Ethernet92,sc02-sn6600-ld-j05-u25,Ethernet92,800000,,
sc02-sn6600-ld-fan-j05-u23,Ethernet96,sc02-sn6600-ld-j05-u25,Ethernet96,800000,,
sc02-sn6600-ld-fan-j05-u27,Ethernet512,sc02-7050cx3-root-k06-u27,Ethernet4,100000,,
sc02-sn6600-ld-fan-j05-u27,Ethernet0,sc02-sn6600-ld-j05-u29,Ethernet0,400000,,
sc02-sn6600-ld-fan-j05-u27,Ethernet10,sc02-sn6600-ld-j05-u29,Ethernet10,400000,,
sc02-sn6600-ld-fan-j05-u27,Ethernet100,sc02-sn6600-ld-j05-u29,Ethernet100,800000,,
sc02-sn6600-ld-fan-j05-u27,Ethernet104,sc02-sn6600-ld-j05-u29,Ethernet104,400000,,
sc02-sn6600-ld-fan-j05-u27,Ethernet106,sc02-sn6600-ld-j05-u29,Ethernet106,400000,,
sc02-sn6600-ld-fan-j05-u27,Ethernet108,sc02-sn6600-ld-j05-u29,Ethernet108,800000,,
sc02-sn6600-ld-fan-j05-u27,Ethernet112,sc02-sn6600-ld-j05-u29,Ethernet112,400000,,
sc02-sn6600-ld-fan-j05-u27,Ethernet114,sc02-sn6600-ld-j05-u29,Ethernet114,400000,,
sc02-sn6600-ld-fan-j05-u27,Ethernet116,sc02-sn6600-ld-j05-u29,Ethernet116,800000,,
sc02-sn6600-ld-fan-j05-u27,Ethernet12,sc02-sn6600-ld-j05-u29,Ethernet12,800000,,
sc02-sn6600-ld-fan-j05-u27,Ethernet120,sc02-sn6600-ld-j05-u29,Ethernet120,400000,,
sc02-sn6600-ld-fan-j05-u27,Ethernet122,sc02-sn6600-ld-j05-u29,Ethernet122,400000,,
sc02-sn6600-ld-fan-j05-u27,Ethernet124,sc02-sn6600-ld-j05-u29,Ethernet124,800000,,
sc02-sn6600-ld-fan-j05-u27,Ethernet128,sc02-sn6600-ld-j05-u29,Ethernet128,400000,,
sc02-sn6600-ld-fan-j05-u27,Ethernet130,sc02-sn6600-ld-j05-u29,Ethernet130,400000,,
sc02-sn6600-ld-fan-j05-u27,Ethernet132,sc02-sn6600-ld-j05-u29,Ethernet132,800000,,
sc02-sn6600-ld-fan-j05-u27,Ethernet136,sc02-sn6600-ld-j05-u29,Ethernet136,400000,,
sc02-sn6600-ld-fan-j05-u27,Ethernet138,sc02-sn6600-ld-j05-u29,Ethernet138,400000,,
sc02-sn6600-ld-fan-j05-u27,Ethernet140,sc02-sn6600-ld-j05-u29,Ethernet140,800000,,
sc02-sn6600-ld-fan-j05-u27,Ethernet144,sc02-sn6600-ld-j05-u29,Ethernet144,400000,,
sc02-sn6600-ld-fan-j05-u27,Ethernet146,sc02-sn6600-ld-j05-u29,Ethernet146,400000,,
sc02-sn6600-ld-fan-j05-u27,Ethernet148,sc02-sn6600-ld-j05-u29,Ethernet148,800000,,
sc02-sn6600-ld-fan-j05-u27,Ethernet152,sc02-sn6600-ld-j05-u29,Ethernet152,400000,,
sc02-sn6600-ld-fan-j05-u27,Ethernet154,sc02-sn6600-ld-j05-u29,Ethernet154,400000,,
sc02-sn6600-ld-fan-j05-u27,Ethernet156,sc02-sn6600-ld-j05-u29,Ethernet156,800000,,
sc02-sn6600-ld-fan-j05-u27,Ethernet16,sc02-sn6600-ld-j05-u29,Ethernet16,400000,,
sc02-sn6600-ld-fan-j05-u27,Ethernet160,sc02-sn6600-ld-j05-u29,Ethernet160,400000,,
sc02-sn6600-ld-fan-j05-u27,Ethernet162,sc02-sn6600-ld-j05-u29,Ethernet162,400000,,
sc02-sn6600-ld-fan-j05-u27,Ethernet164,sc02-sn6600-ld-j05-u29,Ethernet164,800000,,
sc02-sn6600-ld-fan-j05-u27,Ethernet168,sc02-sn6600-ld-j05-u29,Ethernet168,400000,,
sc02-sn6600-ld-fan-j05-u27,Ethernet170,sc02-sn6600-ld-j05-u29,Ethernet170,400000,,
sc02-sn6600-ld-fan-j05-u27,Ethernet172,sc02-sn6600-ld-j05-u29,Ethernet172,800000,,
sc02-sn6600-ld-fan-j05-u27,Ethernet176,sc02-sn6600-ld-j05-u29,Ethernet176,400000,,
sc02-sn6600-ld-fan-j05-u27,Ethernet178,sc02-sn6600-ld-j05-u29,Ethernet178,400000,,
sc02-sn6600-ld-fan-j05-u27,Ethernet18,sc02-sn6600-ld-j05-u29,Ethernet18,400000,,
sc02-sn6600-ld-fan-j05-u27,Ethernet180,sc02-sn6600-ld-j05-u29,Ethernet180,800000,,
sc02-sn6600-ld-fan-j05-u27,Ethernet184,sc02-sn6600-ld-j05-u29,Ethernet184,400000,,
sc02-sn6600-ld-fan-j05-u27,Ethernet186,sc02-sn6600-ld-j05-u29,Ethernet186,400000,,
sc02-sn6600-ld-fan-j05-u27,Ethernet188,sc02-sn6600-ld-j05-u29,Ethernet188,800000,,
sc02-sn6600-ld-fan-j05-u27,Ethernet192,sc02-sn6600-ld-j05-u29,Ethernet192,400000,,
sc02-sn6600-ld-fan-j05-u27,Ethernet194,sc02-sn6600-ld-j05-u29,Ethernet194,400000,,
sc02-sn6600-ld-fan-j05-u27,Ethernet196,sc02-sn6600-ld-j05-u29,Ethernet196,800000,,
sc02-sn6600-ld-fan-j05-u27,Ethernet2,sc02-sn6600-ld-j05-u29,Ethernet2,400000,,
sc02-sn6600-ld-fan-j05-u27,Ethernet20,sc02-sn6600-ld-j05-u29,Ethernet20,800000,,
sc02-sn6600-ld-fan-j05-u27,Ethernet200,sc02-sn6600-ld-j05-u29,Ethernet200,400000,,
sc02-sn6600-ld-fan-j05-u27,Ethernet202,sc02-sn6600-ld-j05-u29,Ethernet202,400000,,
sc02-sn6600-ld-fan-j05-u27,Ethernet204,sc02-sn6600-ld-j05-u29,Ethernet204,800000,,
sc02-sn6600-ld-fan-j05-u27,Ethernet208,sc02-sn6600-ld-j05-u29,Ethernet208,400000,,
sc02-sn6600-ld-fan-j05-u27,Ethernet210,sc02-sn6600-ld-j05-u29,Ethernet210,400000,,
sc02-sn6600-ld-fan-j05-u27,Ethernet212,sc02-sn6600-ld-j05-u29,Ethernet212,800000,,
sc02-sn6600-ld-fan-j05-u27,Ethernet216,sc02-sn6600-ld-j05-u29,Ethernet216,400000,,
sc02-sn6600-ld-fan-j05-u27,Ethernet218,sc02-sn6600-ld-j05-u29,Ethernet218,400000,,
sc02-sn6600-ld-fan-j05-u27,Ethernet220,sc02-sn6600-ld-j05-u29,Ethernet220,800000,,
sc02-sn6600-ld-fan-j05-u27,Ethernet224,sc02-sn6600-ld-j05-u29,Ethernet224,400000,,
sc02-sn6600-ld-fan-j05-u27,Ethernet226,sc02-sn6600-ld-j05-u29,Ethernet226,400000,,
sc02-sn6600-ld-fan-j05-u27,Ethernet228,sc02-sn6600-ld-j05-u29,Ethernet228,800000,,
sc02-sn6600-ld-fan-j05-u27,Ethernet232,sc02-sn6600-ld-j05-u29,Ethernet232,400000,,
sc02-sn6600-ld-fan-j05-u27,Ethernet234,sc02-sn6600-ld-j05-u29,Ethernet234,400000,,
sc02-sn6600-ld-fan-j05-u27,Ethernet236,sc02-sn6600-ld-j05-u29,Ethernet236,800000,,
sc02-sn6600-ld-fan-j05-u27,Ethernet24,sc02-sn6600-ld-j05-u29,Ethernet24,400000,,
sc02-sn6600-ld-fan-j05-u27,Ethernet240,sc02-sn6600-ld-j05-u29,Ethernet240,400000,,
sc02-sn6600-ld-fan-j05-u27,Ethernet242,sc02-sn6600-ld-j05-u29,Ethernet242,400000,,
sc02-sn6600-ld-fan-j05-u27,Ethernet244,sc02-sn6600-ld-j05-u29,Ethernet244,800000,,
sc02-sn6600-ld-fan-j05-u27,Ethernet248,sc02-sn6600-ld-j05-u29,Ethernet248,400000,,
sc02-sn6600-ld-fan-j05-u27,Ethernet250,sc02-sn6600-ld-j05-u29,Ethernet250,400000,,
sc02-sn6600-ld-fan-j05-u27,Ethernet252,sc02-sn6600-ld-j05-u29,Ethernet252,800000,,
sc02-sn6600-ld-fan-j05-u27,Ethernet256,sc02-sn6600-ld-j05-u29,Ethernet256,400000,,
sc02-sn6600-ld-fan-j05-u27,Ethernet258,sc02-sn6600-ld-j05-u29,Ethernet258,400000,,
sc02-sn6600-ld-fan-j05-u27,Ethernet26,sc02-sn6600-ld-j05-u29,Ethernet26,400000,,
sc02-sn6600-ld-fan-j05-u27,Ethernet260,sc02-sn6600-ld-j05-u29,Ethernet260,800000,,
sc02-sn6600-ld-fan-j05-u27,Ethernet264,sc02-sn6600-ld-j05-u29,Ethernet264,400000,,
sc02-sn6600-ld-fan-j05-u27,Ethernet266,sc02-sn6600-ld-j05-u29,Ethernet266,400000,,
sc02-sn6600-ld-fan-j05-u27,Ethernet268,sc02-sn6600-ld-j05-u29,Ethernet268,800000,,
sc02-sn6600-ld-fan-j05-u27,Ethernet272,sc02-sn6600-ld-j05-u29,Ethernet272,400000,,
sc02-sn6600-ld-fan-j05-u27,Ethernet274,sc02-sn6600-ld-j05-u29,Ethernet274,400000,,
sc02-sn6600-ld-fan-j05-u27,Ethernet276,sc02-sn6600-ld-j05-u29,Ethernet276,800000,,
sc02-sn6600-ld-fan-j05-u27,Ethernet28,sc02-sn6600-ld-j05-u29,Ethernet28,800000,,
sc02-sn6600-ld-fan-j05-u27,Ethernet280,sc02-sn6600-ld-j05-u29,Ethernet280,400000,,
sc02-sn6600-ld-fan-j05-u27,Ethernet282,sc02-sn6600-ld-j05-u29,Ethernet282,400000,,
sc02-sn6600-ld-fan-j05-u27,Ethernet284,sc02-sn6600-ld-j05-u29,Ethernet284,800000,,
sc02-sn6600-ld-fan-j05-u27,Ethernet288,sc02-sn6600-ld-j05-u29,Ethernet288,400000,,
sc02-sn6600-ld-fan-j05-u27,Ethernet290,sc02-sn6600-ld-j05-u29,Ethernet290,400000,,
sc02-sn6600-ld-fan-j05-u27,Ethernet292,sc02-sn6600-ld-j05-u29,Ethernet292,800000,,
sc02-sn6600-ld-fan-j05-u27,Ethernet296,sc02-sn6600-ld-j05-u29,Ethernet296,400000,,
sc02-sn6600-ld-fan-j05-u27,Ethernet298,sc02-sn6600-ld-j05-u29,Ethernet298,400000,,
sc02-sn6600-ld-fan-j05-u27,Ethernet300,sc02-sn6600-ld-j05-u29,Ethernet300,800000,,
sc02-sn6600-ld-fan-j05-u27,Ethernet304,sc02-sn6600-ld-j05-u29,Ethernet304,400000,,
sc02-sn6600-ld-fan-j05-u27,Ethernet306,sc02-sn6600-ld-j05-u29,Ethernet306,400000,,
sc02-sn6600-ld-fan-j05-u27,Ethernet308,sc02-sn6600-ld-j05-u29,Ethernet308,800000,,
sc02-sn6600-ld-fan-j05-u27,Ethernet312,sc02-sn6600-ld-j05-u29,Ethernet312,400000,,
sc02-sn6600-ld-fan-j05-u27,Ethernet314,sc02-sn6600-ld-j05-u29,Ethernet314,400000,,
sc02-sn6600-ld-fan-j05-u27,Ethernet316,sc02-sn6600-ld-j05-u29,Ethernet316,800000,,
sc02-sn6600-ld-fan-j05-u27,Ethernet32,sc02-sn6600-ld-j05-u29,Ethernet32,400000,,
sc02-sn6600-ld-fan-j05-u27,Ethernet320,sc02-sn6600-ld-j05-u29,Ethernet320,400000,,
sc02-sn6600-ld-fan-j05-u27,Ethernet322,sc02-sn6600-ld-j05-u29,Ethernet322,400000,,
sc02-sn6600-ld-fan-j05-u27,Ethernet324,sc02-sn6600-ld-j05-u29,Ethernet324,800000,,
sc02-sn6600-ld-fan-j05-u27,Ethernet328,sc02-sn6600-ld-j05-u29,Ethernet328,400000,,
sc02-sn6600-ld-fan-j05-u27,Ethernet330,sc02-sn6600-ld-j05-u29,Ethernet330,400000,,
sc02-sn6600-ld-fan-j05-u27,Ethernet332,sc02-sn6600-ld-j05-u29,Ethernet332,800000,,
sc02-sn6600-ld-fan-j05-u27,Ethernet336,sc02-sn6600-ld-j05-u29,Ethernet336,400000,,
sc02-sn6600-ld-fan-j05-u27,Ethernet338,sc02-sn6600-ld-j05-u29,Ethernet338,400000,,
sc02-sn6600-ld-fan-j05-u27,Ethernet34,sc02-sn6600-ld-j05-u29,Ethernet34,400000,,
sc02-sn6600-ld-fan-j05-u27,Ethernet340,sc02-sn6600-ld-j05-u29,Ethernet340,800000,,
sc02-sn6600-ld-fan-j05-u27,Ethernet344,sc02-sn6600-ld-j05-u29,Ethernet344,400000,,
sc02-sn6600-ld-fan-j05-u27,Ethernet346,sc02-sn6600-ld-j05-u29,Ethernet346,400000,,
sc02-sn6600-ld-fan-j05-u27,Ethernet348,sc02-sn6600-ld-j05-u29,Ethernet348,800000,,
sc02-sn6600-ld-fan-j05-u27,Ethernet352,sc02-sn6600-ld-j05-u29,Ethernet352,400000,,
sc02-sn6600-ld-fan-j05-u27,Ethernet354,sc02-sn6600-ld-j05-u29,Ethernet354,400000,,
sc02-sn6600-ld-fan-j05-u27,Ethernet356,sc02-sn6600-ld-j05-u29,Ethernet356,800000,,
sc02-sn6600-ld-fan-j05-u27,Ethernet36,sc02-sn6600-ld-j05-u29,Ethernet36,800000,,
sc02-sn6600-ld-fan-j05-u27,Ethernet360,sc02-sn6600-ld-j05-u29,Ethernet360,400000,,
sc02-sn6600-ld-fan-j05-u27,Ethernet362,sc02-sn6600-ld-j05-u29,Ethernet362,400000,,
sc02-sn6600-ld-fan-j05-u27,Ethernet364,sc02-sn6600-ld-j05-u29,Ethernet364,800000,,
sc02-sn6600-ld-fan-j05-u27,Ethernet368,sc02-sn6600-ld-j05-u29,Ethernet368,400000,,
sc02-sn6600-ld-fan-j05-u27,Ethernet370,sc02-sn6600-ld-j05-u29,Ethernet370,400000,,
sc02-sn6600-ld-fan-j05-u27,Ethernet372,sc02-sn6600-ld-j05-u29,Ethernet372,800000,,
sc02-sn6600-ld-fan-j05-u27,Ethernet376,sc02-sn6600-ld-j05-u29,Ethernet376,400000,,
sc02-sn6600-ld-fan-j05-u27,Ethernet378,sc02-sn6600-ld-j05-u29,Ethernet378,400000,,
sc02-sn6600-ld-fan-j05-u27,Ethernet380,sc02-sn6600-ld-j05-u29,Ethernet380,800000,,
sc02-sn6600-ld-fan-j05-u27,Ethernet384,sc02-sn6600-ld-j05-u29,Ethernet384,400000,,
sc02-sn6600-ld-fan-j05-u27,Ethernet386,sc02-sn6600-ld-j05-u29,Ethernet386,400000,,
sc02-sn6600-ld-fan-j05-u27,Ethernet388,sc02-sn6600-ld-j05-u29,Ethernet388,800000,,
sc02-sn6600-ld-fan-j05-u27,Ethernet392,sc02-sn6600-ld-j05-u29,Ethernet392,400000,,
sc02-sn6600-ld-fan-j05-u27,Ethernet394,sc02-sn6600-ld-j05-u29,Ethernet394,400000,,
sc02-sn6600-ld-fan-j05-u27,Ethernet396,sc02-sn6600-ld-j05-u29,Ethernet396,800000,,
sc02-sn6600-ld-fan-j05-u27,Ethernet4,sc02-sn6600-ld-j05-u29,Ethernet4,800000,,
sc02-sn6600-ld-fan-j05-u27,Ethernet40,sc02-sn6600-ld-j05-u29,Ethernet40,400000,,
sc02-sn6600-ld-fan-j05-u27,Ethernet400,sc02-sn6600-ld-j05-u29,Ethernet400,400000,,
sc02-sn6600-ld-fan-j05-u27,Ethernet402,sc02-sn6600-ld-j05-u29,Ethernet402,400000,,
sc02-sn6600-ld-fan-j05-u27,Ethernet404,sc02-sn6600-ld-j05-u29,Ethernet404,800000,,
sc02-sn6600-ld-fan-j05-u27,Ethernet408,sc02-sn6600-ld-j05-u29,Ethernet408,400000,,
sc02-sn6600-ld-fan-j05-u27,Ethernet410,sc02-sn6600-ld-j05-u29,Ethernet410,400000,,
sc02-sn6600-ld-fan-j05-u27,Ethernet412,sc02-sn6600-ld-j05-u29,Ethernet412,800000,,
sc02-sn6600-ld-fan-j05-u27,Ethernet416,sc02-sn6600-ld-j05-u29,Ethernet416,400000,,
sc02-sn6600-ld-fan-j05-u27,Ethernet418,sc02-sn6600-ld-j05-u29,Ethernet418,400000,,
sc02-sn6600-ld-fan-j05-u27,Ethernet42,sc02-sn6600-ld-j05-u29,Ethernet42,400000,,
sc02-sn6600-ld-fan-j05-u27,Ethernet420,sc02-sn6600-ld-j05-u29,Ethernet420,800000,,
sc02-sn6600-ld-fan-j05-u27,Ethernet424,sc02-sn6600-ld-j05-u29,Ethernet424,400000,,
sc02-sn6600-ld-fan-j05-u27,Ethernet426,sc02-sn6600-ld-j05-u29,Ethernet426,400000,,
sc02-sn6600-ld-fan-j05-u27,Ethernet428,sc02-sn6600-ld-j05-u29,Ethernet428,800000,,
sc02-sn6600-ld-fan-j05-u27,Ethernet432,sc02-sn6600-ld-j05-u29,Ethernet432,400000,,
sc02-sn6600-ld-fan-j05-u27,Ethernet434,sc02-sn6600-ld-j05-u29,Ethernet434,400000,,
sc02-sn6600-ld-fan-j05-u27,Ethernet436,sc02-sn6600-ld-j05-u29,Ethernet436,800000,,
sc02-sn6600-ld-fan-j05-u27,Ethernet44,sc02-sn6600-ld-j05-u29,Ethernet44,800000,,
sc02-sn6600-ld-fan-j05-u27,Ethernet440,sc02-sn6600-ld-j05-u29,Ethernet440,400000,,
sc02-sn6600-ld-fan-j05-u27,Ethernet442,sc02-sn6600-ld-j05-u29,Ethernet442,400000,,
sc02-sn6600-ld-fan-j05-u27,Ethernet444,sc02-sn6600-ld-j05-u29,Ethernet444,800000,,
sc02-sn6600-ld-fan-j05-u27,Ethernet448,sc02-sn6600-ld-j05-u29,Ethernet448,400000,,
sc02-sn6600-ld-fan-j05-u27,Ethernet450,sc02-sn6600-ld-j05-u29,Ethernet450,400000,,
sc02-sn6600-ld-fan-j05-u27,Ethernet452,sc02-sn6600-ld-j05-u29,Ethernet452,800000,,
sc02-sn6600-ld-fan-j05-u27,Ethernet456,sc02-sn6600-ld-j05-u29,Ethernet456,400000,,
sc02-sn6600-ld-fan-j05-u27,Ethernet458,sc02-sn6600-ld-j05-u29,Ethernet458,400000,,
sc02-sn6600-ld-fan-j05-u27,Ethernet460,sc02-sn6600-ld-j05-u29,Ethernet460,800000,,
sc02-sn6600-ld-fan-j05-u27,Ethernet464,sc02-sn6600-ld-j05-u29,Ethernet464,400000,,
sc02-sn6600-ld-fan-j05-u27,Ethernet466,sc02-sn6600-ld-j05-u29,Ethernet466,400000,,
sc02-sn6600-ld-fan-j05-u27,Ethernet468,sc02-sn6600-ld-j05-u29,Ethernet468,800000,,
sc02-sn6600-ld-fan-j05-u27,Ethernet472,sc02-sn6600-ld-j05-u29,Ethernet472,400000,,
sc02-sn6600-ld-fan-j05-u27,Ethernet474,sc02-sn6600-ld-j05-u29,Ethernet474,400000,,
sc02-sn6600-ld-fan-j05-u27,Ethernet476,sc02-sn6600-ld-j05-u29,Ethernet476,800000,,
sc02-sn6600-ld-fan-j05-u27,Ethernet48,sc02-sn6600-ld-j05-u29,Ethernet48,400000,,
sc02-sn6600-ld-fan-j05-u27,Ethernet480,sc02-sn6600-ld-j05-u29,Ethernet480,400000,,
sc02-sn6600-ld-fan-j05-u27,Ethernet482,sc02-sn6600-ld-j05-u29,Ethernet482,400000,,
sc02-sn6600-ld-fan-j05-u27,Ethernet484,sc02-sn6600-ld-j05-u29,Ethernet484,800000,,
sc02-sn6600-ld-fan-j05-u27,Ethernet488,sc02-sn6600-ld-j05-u29,Ethernet488,400000,,
sc02-sn6600-ld-fan-j05-u27,Ethernet490,sc02-sn6600-ld-j05-u29,Ethernet490,400000,,
sc02-sn6600-ld-fan-j05-u27,Ethernet492,sc02-sn6600-ld-j05-u29,Ethernet492,800000,,
sc02-sn6600-ld-fan-j05-u27,Ethernet496,sc02-sn6600-ld-j05-u29,Ethernet496,400000,,
sc02-sn6600-ld-fan-j05-u27,Ethernet498,sc02-sn6600-ld-j05-u29,Ethernet498,400000,,
sc02-sn6600-ld-fan-j05-u27,Ethernet50,sc02-sn6600-ld-j05-u29,Ethernet50,400000,,
sc02-sn6600-ld-fan-j05-u27,Ethernet500,sc02-sn6600-ld-j05-u29,Ethernet500,800000,,
sc02-sn6600-ld-fan-j05-u27,Ethernet504,sc02-sn6600-ld-j05-u29,Ethernet504,400000,,
sc02-sn6600-ld-fan-j05-u27,Ethernet506,sc02-sn6600-ld-j05-u29,Ethernet506,400000,,
sc02-sn6600-ld-fan-j05-u27,Ethernet508,sc02-sn6600-ld-j05-u29,Ethernet508,800000,,
sc02-sn6600-ld-fan-j05-u27,Ethernet52,sc02-sn6600-ld-j05-u29,Ethernet52,800000,,
sc02-sn6600-ld-fan-j05-u27,Ethernet56,sc02-sn6600-ld-j05-u29,Ethernet56,400000,,
sc02-sn6600-ld-fan-j05-u27,Ethernet58,sc02-sn6600-ld-j05-u29,Ethernet58,400000,,
sc02-sn6600-ld-fan-j05-u27,Ethernet60,sc02-sn6600-ld-j05-u29,Ethernet60,800000,,
sc02-sn6600-ld-fan-j05-u27,Ethernet64,sc02-sn6600-ld-j05-u29,Ethernet64,400000,,
sc02-sn6600-ld-fan-j05-u27,Ethernet66,sc02-sn6600-ld-j05-u29,Ethernet66,400000,,
sc02-sn6600-ld-fan-j05-u27,Ethernet68,sc02-sn6600-ld-j05-u29,Ethernet68,800000,,
sc02-sn6600-ld-fan-j05-u27,Ethernet72,sc02-sn6600-ld-j05-u29,Ethernet72,400000,,
sc02-sn6600-ld-fan-j05-u27,Ethernet74,sc02-sn6600-ld-j05-u29,Ethernet74,400000,,
sc02-sn6600-ld-fan-j05-u27,Ethernet76,sc02-sn6600-ld-j05-u29,Ethernet76,800000,,
sc02-sn6600-ld-fan-j05-u27,Ethernet8,sc02-sn6600-ld-j05-u29,Ethernet8,400000,,
sc02-sn6600-ld-fan-j05-u27,Ethernet80,sc02-sn6600-ld-j05-u29,Ethernet80,400000,,
sc02-sn6600-ld-fan-j05-u27,Ethernet82,sc02-sn6600-ld-j05-u29,Ethernet82,400000,,
sc02-sn6600-ld-fan-j05-u27,Ethernet84,sc02-sn6600-ld-j05-u29,Ethernet84,800000,,
sc02-sn6600-ld-fan-j05-u27,Ethernet88,sc02-sn6600-ld-j05-u29,Ethernet88,400000,,
sc02-sn6600-ld-fan-j05-u27,Ethernet90,sc02-sn6600-ld-j05-u29,Ethernet90,400000,,
sc02-sn6600-ld-fan-j05-u27,Ethernet92,sc02-sn6600-ld-j05-u29,Ethernet92,800000,,
sc02-sn6600-ld-fan-j05-u27,Ethernet96,sc02-sn6600-ld-j05-u29,Ethernet96,400000,,
sc02-sn6600-ld-fan-j05-u27,Ethernet98,sc02-sn6600-ld-j05-u29,Ethernet98,400000,,
sc02-stress-7060xe7-64prs-t0-k10-u15,Ethernet352,sc02-stress-7060xe7-64prs-t1-k10-u19,Ethernet448,400000,,
sc02-stress-7060xe7-64prs-t0-k10-u15,Ethernet354,sc02-stress-7060xe7-64prs-t1-k10-u19,Ethernet456,400000,,
sc02-stress-7060xe7-64prs-t0-k10-u15,Ethernet360,sc02-stress-7060xe7-64prs-t1-k10-u19,Ethernet464,400000,,
sc02-stress-7060xe7-64prs-t0-k10-u15,Ethernet362,sc02-stress-7060xe7-64prs-t1-k10-u19,Ethernet472,400000,,
sc02-stress-7060xe7-64prs-t0-k10-u15,Ethernet368,sc02-stress-7060xe7-64prs-t1-k10-u19,Ethernet480,400000,,
sc02-stress-7060xe7-64prs-t0-k10-u15,Ethernet370,sc02-stress-7060xe7-64prs-t1-k10-u19,Ethernet488,400000,,
sc02-stress-7060xe7-64prs-t0-k10-u15,Ethernet376,sc02-stress-7060xe7-64prs-t1-k10-u19,Ethernet496,400000,,
sc02-stress-7060xe7-64prs-t0-k10-u15,Ethernet378,sc02-stress-7060xe7-64prs-t1-k10-u19,Ethernet504,400000,,
sc02-stress-7060xe7-64prs-t0-k10-u15,Ethernet104,sc02-stress-7060xe7-64prs-t1-k10-u21,Ethernet400,400000,,
sc02-stress-7060xe7-64prs-t0-k10-u15,Ethernet106,sc02-stress-7060xe7-64prs-t1-k10-u21,Ethernet408,400000,,
sc02-stress-7060xe7-64prs-t0-k10-u15,Ethernet112,sc02-stress-7060xe7-64prs-t1-k10-u21,Ethernet416,400000,,
sc02-stress-7060xe7-64prs-t0-k10-u15,Ethernet114,sc02-stress-7060xe7-64prs-t1-k10-u21,Ethernet424,400000,,
sc02-stress-7060xe7-64prs-t0-k10-u15,Ethernet120,sc02-stress-7060xe7-64prs-t1-k10-u21,Ethernet432,400000,,
sc02-stress-7060xe7-64prs-t0-k10-u15,Ethernet122,sc02-stress-7060xe7-64prs-t1-k10-u21,Ethernet440,400000,,
sc02-stress-7060xe7-64prs-t0-k10-u15,Ethernet96,sc02-stress-7060xe7-64prs-t1-k10-u21,Ethernet384,400000,,
sc02-stress-7060xe7-64prs-t0-k10-u15,Ethernet98,sc02-stress-7060xe7-64prs-t1-k10-u21,Ethernet392,400000,,
sc02-stress-7060xe7-64prs-t0-k10-u17,Ethernet352,sc02-stress-7060xe7-64prs-t1-k10-u19,Ethernet320,400000,,
sc02-stress-7060xe7-64prs-t0-k10-u17,Ethernet354,sc02-stress-7060xe7-64prs-t1-k10-u19,Ethernet328,400000,,
sc02-stress-7060xe7-64prs-t0-k10-u17,Ethernet360,sc02-stress-7060xe7-64prs-t1-k10-u19,Ethernet336,400000,,
sc02-stress-7060xe7-64prs-t0-k10-u17,Ethernet362,sc02-stress-7060xe7-64prs-t1-k10-u19,Ethernet344,400000,,
sc02-stress-7060xe7-64prs-t0-k10-u17,Ethernet368,sc02-stress-7060xe7-64prs-t1-k10-u19,Ethernet352,400000,,
sc02-stress-7060xe7-64prs-t0-k10-u17,Ethernet370,sc02-stress-7060xe7-64prs-t1-k10-u19,Ethernet360,400000,,
sc02-stress-7060xe7-64prs-t0-k10-u17,Ethernet376,sc02-stress-7060xe7-64prs-t1-k10-u19,Ethernet368,400000,,
sc02-stress-7060xe7-64prs-t0-k10-u17,Ethernet378,sc02-stress-7060xe7-64prs-t1-k10-u19,Ethernet376,400000,,
sc02-stress-7060xe7-64prs-t0-k10-u17,Ethernet104,sc02-stress-7060xe7-64prs-t1-k10-u21,Ethernet272,400000,,
sc02-stress-7060xe7-64prs-t0-k10-u17,Ethernet106,sc02-stress-7060xe7-64prs-t1-k10-u21,Ethernet280,400000,,
sc02-stress-7060xe7-64prs-t0-k10-u17,Ethernet112,sc02-stress-7060xe7-64prs-t1-k10-u21,Ethernet288,400000,,
sc02-stress-7060xe7-64prs-t0-k10-u17,Ethernet114,sc02-stress-7060xe7-64prs-t1-k10-u21,Ethernet296,400000,,
sc02-stress-7060xe7-64prs-t0-k10-u17,Ethernet120,sc02-stress-7060xe7-64prs-t1-k10-u21,Ethernet304,400000,,
sc02-stress-7060xe7-64prs-t0-k10-u17,Ethernet122,sc02-stress-7060xe7-64prs-t1-k10-u21,Ethernet312,400000,,
sc02-stress-7060xe7-64prs-t0-k10-u17,Ethernet96,sc02-stress-7060xe7-64prs-t1-k10-u21,Ethernet256,400000,,
sc02-stress-7060xe7-64prs-t0-k10-u17,Ethernet98,sc02-stress-7060xe7-64prs-t1-k10-u21,Ethernet264,400000,,
sc02-stress-7060xe7-64prs-t0-k10-u23,Ethernet352,sc02-stress-7060xe7-64prs-t1-k10-u19,Ethernet192,400000,,
sc02-stress-7060xe7-64prs-t0-k10-u23,Ethernet354,sc02-stress-7060xe7-64prs-t1-k10-u19,Ethernet200,400000,,
sc02-stress-7060xe7-64prs-t0-k10-u23,Ethernet360,sc02-stress-7060xe7-64prs-t1-k10-u19,Ethernet208,400000,,
sc02-stress-7060xe7-64prs-t0-k10-u23,Ethernet362,sc02-stress-7060xe7-64prs-t1-k10-u19,Ethernet216,400000,,
sc02-stress-7060xe7-64prs-t0-k10-u23,Ethernet368,sc02-stress-7060xe7-64prs-t1-k10-u19,Ethernet224,400000,,
sc02-stress-7060xe7-64prs-t0-k10-u23,Ethernet370,sc02-stress-7060xe7-64prs-t1-k10-u19,Ethernet232,400000,,
sc02-stress-7060xe7-64prs-t0-k10-u23,Ethernet376,sc02-stress-7060xe7-64prs-t1-k10-u19,Ethernet240,400000,,
sc02-stress-7060xe7-64prs-t0-k10-u23,Ethernet378,sc02-stress-7060xe7-64prs-t1-k10-u19,Ethernet248,400000,,
sc02-stress-7060xe7-64prs-t0-k10-u23,Ethernet104,sc02-stress-7060xe7-64prs-t1-k10-u21,Ethernet144,400000,,
sc02-stress-7060xe7-64prs-t0-k10-u23,Ethernet106,sc02-stress-7060xe7-64prs-t1-k10-u21,Ethernet152,400000,,
sc02-stress-7060xe7-64prs-t0-k10-u23,Ethernet112,sc02-stress-7060xe7-64prs-t1-k10-u21,Ethernet160,400000,,
sc02-stress-7060xe7-64prs-t0-k10-u23,Ethernet114,sc02-stress-7060xe7-64prs-t1-k10-u21,Ethernet168,400000,,
sc02-stress-7060xe7-64prs-t0-k10-u23,Ethernet120,sc02-stress-7060xe7-64prs-t1-k10-u21,Ethernet176,400000,,
sc02-stress-7060xe7-64prs-t0-k10-u23,Ethernet122,sc02-stress-7060xe7-64prs-t1-k10-u21,Ethernet184,400000,,
sc02-stress-7060xe7-64prs-t0-k10-u23,Ethernet96,sc02-stress-7060xe7-64prs-t1-k10-u21,Ethernet128,400000,,
sc02-stress-7060xe7-64prs-t0-k10-u23,Ethernet98,sc02-stress-7060xe7-64prs-t1-k10-u21,Ethernet136,400000,,
sc02-stress-7060xe7-64prs-t0-k10-u25,Ethernet352,sc02-stress-7060xe7-64prs-t1-k10-u19,Ethernet64,400000,,
sc02-stress-7060xe7-64prs-t0-k10-u25,Ethernet354,sc02-stress-7060xe7-64prs-t1-k10-u19,Ethernet72,400000,,
sc02-stress-7060xe7-64prs-t0-k10-u25,Ethernet360,sc02-stress-7060xe7-64prs-t1-k10-u19,Ethernet80,400000,,
sc02-stress-7060xe7-64prs-t0-k10-u25,Ethernet362,sc02-stress-7060xe7-64prs-t1-k10-u19,Ethernet88,400000,,
sc02-stress-7060xe7-64prs-t0-k10-u25,Ethernet368,sc02-stress-7060xe7-64prs-t1-k10-u19,Ethernet96,400000,,
sc02-stress-7060xe7-64prs-t0-k10-u25,Ethernet370,sc02-stress-7060xe7-64prs-t1-k10-u19,Ethernet104,400000,,
sc02-stress-7060xe7-64prs-t0-k10-u25,Ethernet376,sc02-stress-7060xe7-64prs-t1-k10-u19,Ethernet112,400000,,
sc02-stress-7060xe7-64prs-t0-k10-u25,Ethernet378,sc02-stress-7060xe7-64prs-t1-k10-u19,Ethernet120,400000,,
sc02-stress-7060xe7-64prs-t0-k10-u25,Ethernet104,sc02-stress-7060xe7-64prs-t1-k10-u21,Ethernet16,400000,,
sc02-stress-7060xe7-64prs-t0-k10-u25,Ethernet106,sc02-stress-7060xe7-64prs-t1-k10-u21,Ethernet24,400000,,
sc02-stress-7060xe7-64prs-t0-k10-u25,Ethernet112,sc02-stress-7060xe7-64prs-t1-k10-u21,Ethernet32,400000,,
sc02-stress-7060xe7-64prs-t0-k10-u25,Ethernet114,sc02-stress-7060xe7-64prs-t1-k10-u21,Ethernet40,400000,,
sc02-stress-7060xe7-64prs-t0-k10-u25,Ethernet120,sc02-stress-7060xe7-64prs-t1-k10-u21,Ethernet48,400000,,
sc02-stress-7060xe7-64prs-t0-k10-u25,Ethernet122,sc02-stress-7060xe7-64prs-t1-k10-u21,Ethernet56,400000,,
sc02-stress-7060xe7-64prs-t0-k10-u25,Ethernet96,sc02-stress-7060xe7-64prs-t1-k10-u21,Ethernet0,400000,,
sc02-stress-7060xe7-64prs-t0-k10-u25,Ethernet98,sc02-stress-7060xe7-64prs-t1-k10-u21,Ethernet8,400000,,
sc02-stress-sn6600-ld-t0-k10-u27,Ethernet352,sc02-stress-sn6600-ld-t1-k10-u31,Ethernet448,400000,,
sc02-stress-sn6600-ld-t0-k10-u27,Ethernet354,sc02-stress-sn6600-ld-t1-k10-u31,Ethernet456,400000,,
sc02-stress-sn6600-ld-t0-k10-u27,Ethernet360,sc02-stress-sn6600-ld-t1-k10-u31,Ethernet464,400000,,
sc02-stress-sn6600-ld-t0-k10-u27,Ethernet362,sc02-stress-sn6600-ld-t1-k10-u31,Ethernet472,400000,,
sc02-stress-sn6600-ld-t0-k10-u27,Ethernet368,sc02-stress-sn6600-ld-t1-k10-u31,Ethernet480,400000,,
sc02-stress-sn6600-ld-t0-k10-u27,Ethernet370,sc02-stress-sn6600-ld-t1-k10-u31,Ethernet488,400000,,
sc02-stress-sn6600-ld-t0-k10-u27,Ethernet376,sc02-stress-sn6600-ld-t1-k10-u31,Ethernet496,400000,,
sc02-stress-sn6600-ld-t0-k10-u27,Ethernet378,sc02-stress-sn6600-ld-t1-k10-u31,Ethernet504,400000,,
sc02-stress-sn6600-ld-t0-k10-u27,Ethernet104,sc02-stress-sn6600-ld-t1-k10-u33,Ethernet400,400000,,
sc02-stress-sn6600-ld-t0-k10-u27,Ethernet106,sc02-stress-sn6600-ld-t1-k10-u33,Ethernet408,400000,,
sc02-stress-sn6600-ld-t0-k10-u27,Ethernet112,sc02-stress-sn6600-ld-t1-k10-u33,Ethernet416,400000,,
sc02-stress-sn6600-ld-t0-k10-u27,Ethernet114,sc02-stress-sn6600-ld-t1-k10-u33,Ethernet424,400000,,
sc02-stress-sn6600-ld-t0-k10-u27,Ethernet120,sc02-stress-sn6600-ld-t1-k10-u33,Ethernet432,400000,,
sc02-stress-sn6600-ld-t0-k10-u27,Ethernet122,sc02-stress-sn6600-ld-t1-k10-u33,Ethernet440,400000,,
sc02-stress-sn6600-ld-t0-k10-u27,Ethernet96,sc02-stress-sn6600-ld-t1-k10-u33,Ethernet384,400000,,
sc02-stress-sn6600-ld-t0-k10-u27,Ethernet98,sc02-stress-sn6600-ld-t1-k10-u33,Ethernet392,400000,,
sc02-stress-sn6600-ld-t0-k10-u29,Ethernet352,sc02-stress-sn6600-ld-t1-k10-u31,Ethernet320,400000,,
sc02-stress-sn6600-ld-t0-k10-u29,Ethernet354,sc02-stress-sn6600-ld-t1-k10-u31,Ethernet328,400000,,
sc02-stress-sn6600-ld-t0-k10-u29,Ethernet360,sc02-stress-sn6600-ld-t1-k10-u31,Ethernet336,400000,,
sc02-stress-sn6600-ld-t0-k10-u29,Ethernet362,sc02-stress-sn6600-ld-t1-k10-u31,Ethernet344,400000,,
sc02-stress-sn6600-ld-t0-k10-u29,Ethernet368,sc02-stress-sn6600-ld-t1-k10-u31,Ethernet352,400000,,
sc02-stress-sn6600-ld-t0-k10-u29,Ethernet370,sc02-stress-sn6600-ld-t1-k10-u31,Ethernet360,400000,,
sc02-stress-sn6600-ld-t0-k10-u29,Ethernet376,sc02-stress-sn6600-ld-t1-k10-u31,Ethernet368,400000,,
sc02-stress-sn6600-ld-t0-k10-u29,Ethernet378,sc02-stress-sn6600-ld-t1-k10-u31,Ethernet376,400000,,
sc02-stress-sn6600-ld-t0-k10-u29,Ethernet104,sc02-stress-sn6600-ld-t1-k10-u33,Ethernet272,400000,,
sc02-stress-sn6600-ld-t0-k10-u29,Ethernet106,sc02-stress-sn6600-ld-t1-k10-u33,Ethernet280,400000,,
sc02-stress-sn6600-ld-t0-k10-u29,Ethernet112,sc02-stress-sn6600-ld-t1-k10-u33,Ethernet288,400000,,
sc02-stress-sn6600-ld-t0-k10-u29,Ethernet114,sc02-stress-sn6600-ld-t1-k10-u33,Ethernet296,400000,,
sc02-stress-sn6600-ld-t0-k10-u29,Ethernet120,sc02-stress-sn6600-ld-t1-k10-u33,Ethernet304,400000,,
sc02-stress-sn6600-ld-t0-k10-u29,Ethernet122,sc02-stress-sn6600-ld-t1-k10-u33,Ethernet312,400000,,
sc02-stress-sn6600-ld-t0-k10-u29,Ethernet96,sc02-stress-sn6600-ld-t1-k10-u33,Ethernet256,400000,,
sc02-stress-sn6600-ld-t0-k10-u29,Ethernet98,sc02-stress-sn6600-ld-t1-k10-u33,Ethernet264,400000,,
sc02-stress-sn6600-ld-t0-k10-u35,Ethernet352,sc02-stress-sn6600-ld-t1-k10-u31,Ethernet192,400000,,
sc02-stress-sn6600-ld-t0-k10-u35,Ethernet354,sc02-stress-sn6600-ld-t1-k10-u31,Ethernet200,400000,,
sc02-stress-sn6600-ld-t0-k10-u35,Ethernet360,sc02-stress-sn6600-ld-t1-k10-u31,Ethernet208,400000,,
sc02-stress-sn6600-ld-t0-k10-u35,Ethernet362,sc02-stress-sn6600-ld-t1-k10-u31,Ethernet216,400000,,
sc02-stress-sn6600-ld-t0-k10-u35,Ethernet368,sc02-stress-sn6600-ld-t1-k10-u31,Ethernet224,400000,,
sc02-stress-sn6600-ld-t0-k10-u35,Ethernet370,sc02-stress-sn6600-ld-t1-k10-u31,Ethernet232,400000,,
sc02-stress-sn6600-ld-t0-k10-u35,Ethernet376,sc02-stress-sn6600-ld-t1-k10-u31,Ethernet240,400000,,
sc02-stress-sn6600-ld-t0-k10-u35,Ethernet378,sc02-stress-sn6600-ld-t1-k10-u31,Ethernet248,400000,,
sc02-stress-sn6600-ld-t0-k10-u35,Ethernet104,sc02-stress-sn6600-ld-t1-k10-u33,Ethernet144,400000,,
sc02-stress-sn6600-ld-t0-k10-u35,Ethernet106,sc02-stress-sn6600-ld-t1-k10-u33,Ethernet152,400000,,
sc02-stress-sn6600-ld-t0-k10-u35,Ethernet112,sc02-stress-sn6600-ld-t1-k10-u33,Ethernet160,400000,,
sc02-stress-sn6600-ld-t0-k10-u35,Ethernet114,sc02-stress-sn6600-ld-t1-k10-u33,Ethernet168,400000,,
sc02-stress-sn6600-ld-t0-k10-u35,Ethernet120,sc02-stress-sn6600-ld-t1-k10-u33,Ethernet176,400000,,
sc02-stress-sn6600-ld-t0-k10-u35,Ethernet122,sc02-stress-sn6600-ld-t1-k10-u33,Ethernet184,400000,,
sc02-stress-sn6600-ld-t0-k10-u35,Ethernet96,sc02-stress-sn6600-ld-t1-k10-u33,Ethernet128,400000,,
sc02-stress-sn6600-ld-t0-k10-u35,Ethernet98,sc02-stress-sn6600-ld-t1-k10-u33,Ethernet136,400000,,
sc02-stress-sn6600-ld-t0-k10-u37,Ethernet352,sc02-stress-sn6600-ld-t1-k10-u31,Ethernet64,400000,,
sc02-stress-sn6600-ld-t0-k10-u37,Ethernet354,sc02-stress-sn6600-ld-t1-k10-u31,Ethernet72,400000,,
sc02-stress-sn6600-ld-t0-k10-u37,Ethernet360,sc02-stress-sn6600-ld-t1-k10-u31,Ethernet80,400000,,
sc02-stress-sn6600-ld-t0-k10-u37,Ethernet362,sc02-stress-sn6600-ld-t1-k10-u31,Ethernet88,400000,,
sc02-stress-sn6600-ld-t0-k10-u37,Ethernet368,sc02-stress-sn6600-ld-t1-k10-u31,Ethernet96,400000,,
sc02-stress-sn6600-ld-t0-k10-u37,Ethernet370,sc02-stress-sn6600-ld-t1-k10-u31,Ethernet104,400000,,
sc02-stress-sn6600-ld-t0-k10-u37,Ethernet376,sc02-stress-sn6600-ld-t1-k10-u31,Ethernet112,400000,,
sc02-stress-sn6600-ld-t0-k10-u37,Ethernet378,sc02-stress-sn6600-ld-t1-k10-u31,Ethernet120,400000,,
sc02-stress-sn6600-ld-t0-k10-u37,Ethernet104,sc02-stress-sn6600-ld-t1-k10-u33,Ethernet16,400000,,
sc02-stress-sn6600-ld-t0-k10-u37,Ethernet106,sc02-stress-sn6600-ld-t1-k10-u33,Ethernet24,400000,,
sc02-stress-sn6600-ld-t0-k10-u37,Ethernet112,sc02-stress-sn6600-ld-t1-k10-u33,Ethernet32,400000,,
sc02-stress-sn6600-ld-t0-k10-u37,Ethernet114,sc02-stress-sn6600-ld-t1-k10-u33,Ethernet40,400000,,
sc02-stress-sn6600-ld-t0-k10-u37,Ethernet120,sc02-stress-sn6600-ld-t1-k10-u33,Ethernet48,400000,,
sc02-stress-sn6600-ld-t0-k10-u37,Ethernet122,sc02-stress-sn6600-ld-t1-k10-u33,Ethernet56,400000,,
sc02-stress-sn6600-ld-t0-k10-u37,Ethernet96,sc02-stress-sn6600-ld-t1-k10-u33,Ethernet0,400000,,
sc02-stress-sn6600-ld-t0-k10-u37,Ethernet98,sc02-stress-sn6600-ld-t1-k10-u33,Ethernet8,400000,,
strsc02-0101-0101-01c0,Gi0/0/0,strsc02-0101-0101-01m1,Ethernet1/6,1000,,
strsc02-0101-0101-01m0,Ethernet1/49,strsc02-0101-0101-01m1,Ethernet1/1,10000,,
strsc02-0101-0101-02c0,Gi0/0/0,strsc02-0101-0101-01m1,Ethernet1/7,1000,,
strsc02-0101-0101-02m0,Ethernet1/49,strsc02-0101-0101-01m1,Ethernet1/2,10000,,
strsc02-0101-0101-03c0,Gi0/0/0,strsc02-0101-0101-01m1,Ethernet1/8,1000,,
strsc02-0101-0101-03m0,Ethernet1/49,strsc02-0101-0101-01m1,Ethernet1/3,10000,,
strsc02-0101-0101-04c0,Gi0/0/0,strsc02-0101-0101-01m1,Ethernet1/9,1000,,
strsc02-0101-0101-04m0,Ethernet1/49,strsc02-0101-0101-01m1,Ethernet1/4,10000,,
strsc02-0101-0101-05c0,Gi0/0/0,strsc02-0101-0101-01m1,Ethernet1/10,1000,,
strsc02-0101-0101-05m0,Ethernet1/49,strsc02-0101-0101-01m1,Ethernet1/5,10000,,
strsc02-0101-0101-06c0,Gi0/0/0,strsc02-0101-0101-01m1,Ethernet1/13,1000,,
strsc02-0101-0101-06m0,Ethernet1/49,strsc02-0101-0101-01m1,Ethernet1/11,10000,,
strsc02-0101-0101-07c0,Gi0/0/0,strsc02-0101-0101-01m1,Ethernet1/14,1000,,
strsc02-0101-0101-07m0,Ethernet1/49,strsc02-0101-0101-01m1,Ethernet1/12,10000,,
